libro,categoria_libro,banda_subgenero,razon
El Senor de los Anillos,Alta fantasia / epica,Blind Guardian (Power Metal),Blind Guardian tiene un album entero (Nightfall in Middle-Earth) basado en el Silmarillion de Tolkien; conexion directa y muy conocida en el fandom.
El Senor de los Anillos,Alta fantasia / epica,Eluveitie (Folk Metal),"Alternativa: instrumentacion folk/celta evoca el tono pastoral de la Comarca y los pueblos de la Tierra Media (pareo secundario, no exclusivo)."
Cancion de Hielo y Fuego,Alta fantasia / epica,Type O Negative (Gothic Metal),"Tono sombrio, tragico y moralmente ambiguo; atmosfera pesada y dramatica que combina con la brutalidad politica de la saga."
El Nombre del Viento,Alta fantasia / epica,Opeth (Progressive Metal),"El protagonista es musico y narrador; Opeth combina composicion intrincada con pasajes melodicos/acusticos, similar a la mezcla de accion y lirismo del libro."
Trono de Cristal,Romantasy (fantasia romantica),Killswitch Engage (Metalcore),"Protagonista asesina, ritmo de accion constante; energia agresiva pero melodica del metalcore combina con el tono de aventura/combate."
Una Corte de Rosas y Espinas,Romantasy (fantasia romantica),Within Temptation (Symphonic Metal),"Belleza y peligro entrelazados, mundo feerico, romance dramatico; el symphonic metal aporta esa grandiosidad orquestal y romantica."
Cuarto Ala,Romantasy (fantasia romantica),Bring Me the Horizon (Metalcore),"Adrenalina constante (dragones, guerra, enemies-to-lovers); energia intensa y contemporanea del metalcore moderno."
Sombra y Hueso,Fantasia oscura / gotica,Lacuna Coil (Gothic Metal),"Dualidad luz/sombra, atractivo oscuro del antagonista (el Darkling); el gothic metal vive exactamente en esa tension romantico-oscura."
Dracula,Fantasia oscura / gotica,Paradise Lost (Gothic Metal),Referencia directa del genero gothic metal (nacio ligado a esta estetica victoriana/vampirica); pareo casi canonico.
Vicious,Fantasia oscura / gotica,Death (Death Metal),"Antiheroes sin filtro moral, rivalidad brutal; la crudeza del death metal combina con la falta de heroes claros en la novela."
Outlander,Romance historico / gotico,Eluveitie (Folk Metal),Ambientacion en las Highlands escocesas; el folk metal celta encaja directamente con el escenario historico/cultural del libro.
Jane Eyre,Romance historico / gotico,Paradise Lost (Gothic Metal),Romance gotico clasico britanico; atmosfera contenida y oscura que es la raiz historica del genero gothic metal.
Cazadores de Sombras: Ciudad de Hueso,Fantasia urbana,System of a Down (Nu Metal),"Fantasia urbana contemporanea en Nueva York, energia moderna y agresiva; el nu metal tiene esa misma estetica urbana/actual."
Norse Mythology,Mitologia (nordica / celta),Wintersun (Folk Metal),"Reescritura directa de mitologia nordica; Wintersun trabaja explicitamente temas nordicos/naturales y escala epica (Ragnarok, dioses)."
