banda,foto_url
Led Zeppelin,https://i.scdn.co/image/16eb3cdae0d824b520ac17710e943a99d3ef6602
AC/DC,https://image-cdn-ak.spotifycdn.com/image/ab67616100005174c4c77549095c86acb4e77b37
Deep Purple,https://image-cdn-fa.spotifycdn.com/image/ab676161000051740097f1c2830a6ecdda16d4de
Iron Maiden,https://image-cdn-fa.spotifycdn.com/image/ab67616100005174f9978ad4808f6f2723124d19
Judas Priest,https://image-cdn-ak.spotifycdn.com/image/ab676161000051744b3cfc24737acb15e73e8bd6
Black Sabbath,https://image-cdn-ak.spotifycdn.com/image/ab67616100005174d109fa1e6b28ddfc5846cc4f
Avenged Sevenfold,https://image-cdn-fa.spotifycdn.com/image/ab676161000051748cfc647b093867d3c7ced5a9
Blind Guardian,https://image-cdn-fa.spotifycdn.com/image/ab6761610000517426139a78b669ae67aacde9f3
DragonForce,https://image-cdn-fa.spotifycdn.com/image/ab67616100005174f410ec0f807cb377b006a23b
Sabaton,https://image-cdn-ak.spotifycdn.com/image/ab67616100005174fc0524cca1171fac8678f4bf
Rhapsody of Fire,https://image-cdn-fa.spotifycdn.com/image/ab67616100005174902fae03243cae6e08caf99a
Nightwish,https://image-cdn-fa.spotifycdn.com/image/ab67616100005174f3284e60d4e43c9a7b52c08d
Epica,https://image-cdn-fa.spotifycdn.com/image/ab67616100005174d3e3cc1ba7ed210e78de971e
Within Temptation,https://image-cdn-ak.spotifycdn.com/image/ab676161000051749d081a5e8f131e9076ac74de
Kamelot,https://image-cdn-fa.spotifycdn.com/image/ab6761610000517405cfb3d751023418788b5ebc
Eluveitie,https://image-cdn-fa.spotifycdn.com/image/ab67616100005174e8581fc1b573119b7eb0b69b
Korpiklaani,https://image-cdn-fa.spotifycdn.com/image/ab67616100005174da501752b6e2f5c6ed2e98eb
Wintersun,https://image-cdn-fa.spotifycdn.com/image/ab67616100005174673ac2f12cdeddee958c2ebe
Type O Negative,https://image-cdn-ak.spotifycdn.com/image/ab67616100005174843df562d1bad7f5163fd164
Paradise Lost,https://image-cdn-fa.spotifycdn.com/image/ab676161000051749e99bd6572df986efcdc5bd6
Lacuna Coil,https://image-cdn-fa.spotifycdn.com/image/ab676161000051748f989674720776c95065a68d
Evanescence,https://image-cdn-fa.spotifycdn.com/image/ab67616100005174f42c2c9bead41b262780ea89
Chelsea Wolfe,https://image-cdn-fa.spotifycdn.com/image/ab67616100005174bfe0a8c30ca6d5549366f95b
Dream Theater,https://image-cdn-ak.spotifycdn.com/image/ab676161000051746c2390469c190a49f3926865
Opeth,https://image-cdn-fa.spotifycdn.com/image/ab6761610000517445e1bb6e5285297f9e55e550
Tool,https://image-cdn-ak.spotifycdn.com/image/ab6761610000517413f5472b709101616c87cba3
Gojira,https://image-cdn-fa.spotifycdn.com/image/ab6761610000517496c4949ee078fbef5d5adb68
Death,https://image-cdn-fa.spotifycdn.com/image/ab6761610000517496715609a206e464a5a2e6a7
Cannibal Corpse,https://image-cdn-ak.spotifycdn.com/image/ab67616100005174502944f431be8f85813f8e6a
At the Gates,https://image-cdn-fa.spotifycdn.com/image/ab67616100005174e05d57f89f3637d01858832f
Mayhem,https://image-cdn-fa.spotifycdn.com/image/ab67616100005174e60e1c595b887e90c6065620
Emperor,https://image-cdn-fa.spotifycdn.com/image/ab67616d00001e028d95ac97817cdb27d9bbdeb0
Dimmu Borgir,https://image-cdn-fa.spotifycdn.com/image/ab67616100005174a09dec20773be4513cdbfe27
Killswitch Engage,https://image-cdn-fa.spotifycdn.com/image/ab6761610000517449670e56bfa7556b4a255286
Bring Me The Horizon,https://image-cdn-ak.spotifycdn.com/image/ab67616100005174ca0355e5fc475d2520f0d967
Architects,https://image-cdn-fa.spotifycdn.com/image/ab676161000051745423e7cde58a13ccde7d8c99
Spiritbox,https://image-cdn-fa.spotifycdn.com/image/ab6761610000517409c67132c06a3623cfb212aa
Jinjer,https://image-cdn-ak.spotifycdn.com/image/ab67616100005174ed492174d89956bf1f6af3ff
Suicide Silence,https://image-cdn-fa.spotifycdn.com/image/ab676161000051743d199e5cdd7d8e1f57c99a74
Whitechapel,https://image-cdn-fa.spotifycdn.com/image/ab676161000051748f0be1ea5823154c7f605384
Lorna Shore,https://image-cdn-fa.spotifycdn.com/image/ab676161000051748820ccbc7d11129ba20ed799
Slipknot,https://image-cdn-fa.spotifycdn.com/image/ab67616100005174f5bd8b1496eb4fb7ca5031ad
Korn,https://image-cdn-fa.spotifycdn.com/image/ab6761610000517429af2ffb6f4ddd6324f878bc
System of a Down,https://image-cdn-ak.spotifycdn.com/image/ab6761610000517460063d3451ade8f9fab397c2
Electric Wizard,https://i.scdn.co/image/7b69950d45dc6e477520438db59c6194d037e547
Sleep,https://image-cdn-ak.spotifycdn.com/image/ab67616100005174b36931f79c04ab8418391515
Candlemass,https://image-cdn-fa.spotifycdn.com/image/ab676161000051748fa0447551de2ebd2546491f
Alcest,https://image-cdn-ak.spotifycdn.com/image/ab67616100005174f93fcb88bd2805b3cbb4490f
Agalloch,https://image-cdn-fa.spotifycdn.com/image/ab67616100005174ea06e6637a861aba6cba7e58
Amon Amarth,https://image-cdn-ak.spotifycdn.com/image/ab67616100005174e0ed6357e133abef229c44a3
Behemoth,https://image-cdn-fa.spotifycdn.com/image/ab67616100005174b0cf0bfbb3080adf39332397
Pierce the Veil,https://image-cdn-ak.spotifycdn.com/image/ab676161000051746f8f8d13be17bf486219edc7
Sleeping With Sirens,https://image-cdn-ak.spotifycdn.com/image/ab676161000051741e2ceb6044f42f7c6dde5433
Sleep Token,https://image-cdn-fa.spotifycdn.com/image/ab67616100005174d00c2ff422829437e6b5f1e0
Deftones,https://image-cdn-fa.spotifycdn.com/image/ab67616100005174e3ac5eb948e78d9285d1dbdb
Bad Omens,https://image-cdn-fa.spotifycdn.com/image/ab676161000051743dc0577ed61ec73b498a56ee
Breaking Benjamin,https://image-cdn-fa.spotifycdn.com/image/ab676161000051749cbd38486695e98966852388
Disturbed,https://image-cdn-fa.spotifycdn.com/image/ab676161000051746823b6df396ecf49931e34a1
Linkin Park,https://image-cdn-fa.spotifycdn.com/image/ab67616100005174527d95dabbe8b8b527e8136f
My Chemical Romance,https://image-cdn-fa.spotifycdn.com/image/ab676161000051740c55e74e435910793888f7cf
Fall Out Boy,https://image-cdn-fa.spotifycdn.com/image/ab67616100005174362011ebe6064c38e97e9aac
The Wonder Years,https://image-cdn-ak.spotifycdn.com/image/ab6761610000517434039de7b6db67c315377264
Sum 41,https://image-cdn-fa.spotifycdn.com/image/ab67616100005174625af80b68ae4eb559c6c417
All Time Low,https://image-cdn-fa.spotifycdn.com/image/ab676161000051748625dac822c90c5f8c605170
Paramore,https://image-cdn-fa.spotifycdn.com/image/ab67616100005174b10c34546a4ca2d7faeb8865
Blink-182,https://image-cdn-ak.spotifycdn.com/image/ab676161000051745da36f8b98dd965336a1507a
Neck Deep,https://image-cdn-fa.spotifycdn.com/image/ab676161000051742a272be2fa6777404247dc2b
Simple Plan,https://image-cdn-fa.spotifycdn.com/image/ab67616100005174f8a6c76b696c37d752a6797e
Mayday Parade,https://image-cdn-ak.spotifycdn.com/image/ab67616100005174c74a86f2075c5bfca945fe24
The Maine,https://image-cdn-fa.spotifycdn.com/image/ab676161000051745beebe23413effb7f033cdd5
The 1975,https://image-cdn-ak.spotifycdn.com/image/ab676161000051740c6e752cbb1e6d1416970f5a
Florence + The Machine,https://image-cdn-fa.spotifycdn.com/image/ab67616100005174836eb0a7a82eb8f4133ee04d
The Smashing Pumpkins,https://image-cdn-fa.spotifycdn.com/image/ab676161000051742897dd777bbd8e3f23e49c99
Muse,https://image-cdn-fa.spotifycdn.com/image/ab67616100005174ccb215d769112ec422a59ce6
The Pretty Reckless,https://image-cdn-fa.spotifycdn.com/image/ab67616100005174e47281f2be70ada41b934a71
Royal Blood,https://image-cdn-fa.spotifycdn.com/image/ab67616100005174feb10ed615ad2cf54842acdc
The Cure,https://image-cdn-fa.spotifycdn.com/image/ab67616100005174dd427c765c409ec02dc3a868
HIM,https://i.scdn.co/image/e8b6947d0f50b6afa4e6283e1e33d4b29d7fc5af
The 69 Eyes,https://image-cdn-fa.spotifycdn.com/image/ab67616100005174ec1c1dc03c813cd4f8338456
Ghost,https://image-cdn-fa.spotifycdn.com/image/ab676161000051742d972470f1f8110be7c07017
Green Day,https://image-cdn-fa.spotifycdn.com/image/ab676161000051746ff0cd5ef2ecf733804984bb
