titulo_buscado,portada_url,fuente
El Senor de los Anillos,https://covers.openlibrary.org/b/id/14627060-M.jpg?default=false,openlibrary
Canción de Hielo y Fuego,https://covers.openlibrary.org/b/id/9269962-M.jpg?default=false,openlibrary
El Nombre del Viento,https://covers.openlibrary.org/b/id/11480483-M.jpg?default=false,openlibrary
El Hobbit,https://covers.openlibrary.org/b/id/14627509-M.jpg?default=false,openlibrary
El Silmarillion,https://covers.openlibrary.org/b/id/14627042-M.jpg?default=false,openlibrary
Eragon,https://covers.openlibrary.org/b/id/13921600-M.jpg?default=false,openlibrary
El temor de un hombre sabio,https://covers.openlibrary.org/b/id/8294024-M.jpg?default=false,openlibrary
Rey de cicatrices,https://covers.openlibrary.org/b/id/12714913-M.jpg?default=false,openlibrary
Mistborn: El imperio final,https://covers.openlibrary.org/b/id/14658160-M.jpg?default=false,openlibrary
El pozo de la ascensión,https://covers.openlibrary.org/b/id/14658341-M.jpg?default=false,openlibrary
El héroe de las eras,https://covers.openlibrary.org/b/id/14658094-M.jpg?default=false,openlibrary
El camino de los reyes,https://covers.openlibrary.org/b/id/14658316-M.jpg?default=false,openlibrary
El archivo de las tormentas,https://covers.openlibrary.org/b/id/14658334-M.jpg?default=false,openlibrary
La rueda del tiempo,https://covers.openlibrary.org/b/id/980232-M.jpg?default=false,openlibrary
El priorato del naranjo,https://covers.openlibrary.org/b/id/8802446-M.jpg?default=false,openlibrary
Trono de Cristal,https://covers.openlibrary.org/b/id/13312488-M.jpg?default=false,openlibrary
Una Corte de Rosas y Espinas,https://covers.openlibrary.org/b/id/15254465-M.jpg?default=false,openlibrary
Cuarto Ala,https://covers.openlibrary.org/b/id/14407898-M.jpg?default=false,openlibrary
Una corte de niebla y furia,https://covers.openlibrary.org/b/id/14315081-M.jpg?default=false,openlibrary
Una corte de alas y ruina,https://covers.openlibrary.org/b/id/8506724-M.jpg?default=false,openlibrary
Reina de sombras,https://covers.openlibrary.org/b/id/7994583-M.jpg?default=false,openlibrary
Fourth Wing,https://covers.openlibrary.org/b/id/14407898-M.jpg?default=false,openlibrary
Iron Flame,https://covers.openlibrary.org/b/id/14405746-M.jpg?default=false,openlibrary
Onyx Storm,https://covers.openlibrary.org/b/id/14826089-M.jpg?default=false,openlibrary
Powerless,https://covers.openlibrary.org/b/id/14567864-M.jpg?default=false,openlibrary
Reckless,https://covers.openlibrary.org/b/id/14644120-M.jpg?default=false,openlibrary
Divine Rivals,https://covers.openlibrary.org/b/id/13268161-M.jpg?default=false,openlibrary
Ruthless Vows,https://covers.openlibrary.org/b/id/14572083-M.jpg?default=false,openlibrary
Érase una vez un corazón roto,https://covers.openlibrary.org/b/id/11427092-M.jpg?default=false,openlibrary
La balada del príncipe roto,https://covers.openlibrary.org/b/id/12945180-M.jpg?default=false,openlibrary
La vida invisible de Addie LaRue,https://covers.openlibrary.org/b/id/10092261-M.jpg?default=false,openlibrary
Stardust,https://covers.openlibrary.org/b/id/8216379-M.jpg?default=false,openlibrary
Carry On,https://covers.openlibrary.org/b/id/8736824-M.jpg?default=false,openlibrary
Sombra y Hueso,https://covers.openlibrary.org/b/id/13816048-M.jpg?default=false,openlibrary
Drácula,https://covers.openlibrary.org/b/id/12216503-M.jpg?default=false,openlibrary
Vicious,https://covers.openlibrary.org/b/id/7410937-M.jpg?default=false,openlibrary
Berserk,https://covers.openlibrary.org/b/id/8794369-M.jpg?default=false,openlibrary
The Witcher,https://covers.openlibrary.org/b/id/8126845-M.jpg?default=false,openlibrary
La novena casa,https://covers.openlibrary.org/b/id/12667414-M.jpg?default=false,openlibrary
Hell Bent,https://covers.openlibrary.org/b/id/14357966-M.jpg?default=false,openlibrary
El océano al final del camino,https://covers.openlibrary.org/b/id/7258156-M.jpg?default=false,openlibrary
Elric de Melniboné,https://covers.openlibrary.org/b/id/10098033-M.jpg?default=false,openlibrary
The Poppy War,https://covers.openlibrary.org/b/id/8463552-M.jpg?default=false,openlibrary
La guerra de la amapola,https://covers.openlibrary.org/b/id/8463552-M.jpg?default=false,openlibrary
Coraline,https://covers.openlibrary.org/b/id/14171421-M.jpg?default=false,openlibrary
A Darker Shade of Magic,https://covers.openlibrary.org/b/id/7410930-M.jpg?default=false,openlibrary
The Locked Tomb,https://covers.openlibrary.org/b/id/9406886-M.jpg?default=false,openlibrary
Gideon the Ninth,https://covers.openlibrary.org/b/id/10139515-M.jpg?default=false,openlibrary
Mexican Gothic,https://covers.openlibrary.org/b/id/10239163-M.jpg?default=false,openlibrary
The Hazel Wood,https://covers.openlibrary.org/b/id/9274789-M.jpg?default=false,openlibrary
Jonathan Strange y el señor Norrell,https://covers.openlibrary.org/b/id/525391-M.jpg?default=false,openlibrary
Piranesi,https://covers.openlibrary.org/b/id/10226290-M.jpg?default=false,openlibrary
Outlander,https://covers.openlibrary.org/b/id/14428230-M.jpg?default=false,openlibrary
Jane Eyre,https://covers.openlibrary.org/b/id/8235363-M.jpg?default=false,openlibrary
Un día de diciembre,https://covers.openlibrary.org/b/id/12856531-M.jpg?default=false,openlibrary
Cazadores de Sombras: Ciudad de Hueso,https://covers.openlibrary.org/b/id/10121449-M.jpg?default=false,openlibrary
The Infernal Devices,https://covers.openlibrary.org/b/id/6582736-M.jpg?default=false,openlibrary
Cazadores de sombras,https://covers.openlibrary.org/b/id/8200332-M.jpg?default=false,openlibrary
Ciudad de hueso,https://covers.openlibrary.org/b/id/10121449-M.jpg?default=false,openlibrary
Seis de cuervos,https://covers.openlibrary.org/b/id/12667417-M.jpg?default=false,openlibrary
Mitología Nórdica,https://covers.openlibrary.org/b/id/7898682-M.jpg?default=false,openlibrary
La canción de Aquiles,https://covers.openlibrary.org/b/id/7098465-M.jpg?default=false,openlibrary
Circe,https://covers.openlibrary.org/b/id/8739376-M.jpg?default=false,openlibrary
Percy Jackson,https://covers.openlibrary.org/b/id/7239831-M.jpg?default=false,openlibrary
El ladrón del rayo,https://covers.openlibrary.org/b/id/7239831-M.jpg?default=false,openlibrary
Héroes del Olimpo,https://covers.openlibrary.org/b/id/12848687-M.jpg?default=false,openlibrary
Gods of Jade and Shadow,https://covers.openlibrary.org/b/id/8749009-M.jpg?default=false,openlibrary
El príncipe cruel,https://covers.openlibrary.org/b/id/8361789-M.jpg?default=false,openlibrary
El rey malvado,https://covers.openlibrary.org/b/id/8361788-M.jpg?default=false,openlibrary
La reina de nada,https://covers.openlibrary.org/b/id/9146990-M.jpg?default=false,openlibrary
Las crónicas de Narnia,https://covers.openlibrary.org/b/id/8441376-M.jpg?default=false,openlibrary
La brújula dorada,https://covers.openlibrary.org/b/id/7896630-M.jpg?default=false,openlibrary
El castillo ambulante,https://covers.openlibrary.org/b/id/8783945-M.jpg?default=false,openlibrary
Alicia en el País de las Maravillas,https://covers.openlibrary.org/b/id/10527843-M.jpg?default=false,openlibrary
A través del espejo,https://covers.openlibrary.org/b/id/11272464-M.jpg?default=false,openlibrary
Caraval,https://covers.openlibrary.org/b/id/7990753-M.jpg?default=false,openlibrary
El circo de la noche,https://covers.openlibrary.org/b/id/8773134-M.jpg?default=false,openlibrary
El mar sin estrellas,https://covers.openlibrary.org/b/id/9084503-M.jpg?default=false,openlibrary
La primera ley,https://covers.openlibrary.org/b/id/14543422-M.jpg?default=false,openlibrary
Malaz: El libro de los caídos,https://covers.openlibrary.org/b/id/374277-M.jpg?default=false,openlibrary
La compañía negra,https://covers.openlibrary.org/b/id/6978703-M.jpg?default=false,openlibrary
Babel,https://covers.openlibrary.org/b/id/12468631-M.jpg?default=false,openlibrary
Ninth House,https://covers.openlibrary.org/b/id/12667414-M.jpg?default=false,openlibrary
Entrevista con el vampiro,https://covers.openlibrary.org/b/id/8401488-M.jpg?default=false,openlibrary
El vampiro Lestat,https://covers.openlibrary.org/b/id/8579529-M.jpg?default=false,openlibrary
Las brujas de Mayfair,https://covers.openlibrary.org/b/id/10701482-M.jpg?default=false,openlibrary
Carmilla,https://covers.openlibrary.org/b/id/973851-M.jpg?default=false,openlibrary
El retrato de Dorian Gray,https://covers.openlibrary.org/b/id/14314858-M.jpg?default=false,openlibrary
Frankenstein,https://covers.openlibrary.org/b/id/15118068-M.jpg?default=false,openlibrary
El castillo de Otranto,https://covers.openlibrary.org/b/id/6468730-M.jpg?default=false,openlibrary
Vampire Academy,https://covers.openlibrary.org/b/id/10136600-M.jpg?default=false,openlibrary
A Dowry of Blood,https://covers.openlibrary.org/b/id/10548851-M.jpg?default=false,openlibrary
Los juegos del hambre,https://covers.openlibrary.org/b/id/12646537-M.jpg?default=false,openlibrary
En llamas,https://covers.openlibrary.org/b/id/12646539-M.jpg?default=false,openlibrary
Sinsajo,https://covers.openlibrary.org/b/id/12646459-M.jpg?default=false,openlibrary
Divergente,https://covers.openlibrary.org/b/id/13274634-M.jpg?default=false,openlibrary
Maze Runner,https://covers.openlibrary.org/b/id/10464801-M.jpg?default=false,openlibrary
Ready Player One,https://covers.openlibrary.org/b/id/8737626-M.jpg?default=false,openlibrary
Scott Pilgrim,https://covers.openlibrary.org/b/id/960258-M.jpg?default=false,openlibrary
Las ventajas de ser invisible,https://covers.openlibrary.org/b/id/14315052-M.jpg?default=false,openlibrary
Heartstopper,https://covers.openlibrary.org/b/id/9020805-M.jpg?default=false,openlibrary
A todos los chicos de los que me enamoré,https://covers.openlibrary.org/b/id/7370711-M.jpg?default=false,openlibrary
Eleanor & Park,https://covers.openlibrary.org/b/id/12917595-M.jpg?default=false,openlibrary
Nettle & Bone,https://covers.openlibrary.org/b/id/11135584-M.jpg?default=false,openlibrary
Uprooted,https://covers.openlibrary.org/b/id/8539161-M.jpg?default=false,openlibrary
Spinning Silver,https://covers.openlibrary.org/b/id/8423441-M.jpg?default=false,openlibrary
A Deadly Education,https://covers.openlibrary.org/b/id/10206042-M.jpg?default=false,openlibrary
The Bear and the Nightingale,https://covers.openlibrary.org/b/id/11946359-M.jpg?default=false,openlibrary
The Once and Future Witches,https://covers.openlibrary.org/b/id/10186771-M.jpg?default=false,openlibrary
The Invisible Life of Addie LaRue,https://covers.openlibrary.org/b/id/10092261-M.jpg?default=false,openlibrary
La casa en el mar más azul,https://covers.openlibrary.org/b/id/9312772-M.jpg?default=false,openlibrary
Under the Whispering Door,https://covers.openlibrary.org/b/id/11943757-M.jpg?default=false,openlibrary
