libro,categoria_libro,libro_perfil_confiable,rank,banda_recomendada,subgenero_banda,similitud
El Senor de los Anillos,Alta fantasia / epica,True,1,Sabaton,Power Metal,0.1201
El Senor de los Anillos,Alta fantasia / epica,True,2,Jinjer,Metalcore,0.1181
El Senor de los Anillos,Alta fantasia / epica,True,3,DragonForce,Power Metal,0.1095
El Senor de los Anillos,Alta fantasia / epica,True,4,Avenged Sevenfold,Heavy Metal,0.0993
El Senor de los Anillos,Alta fantasia / epica,True,5,Judas Priest,Heavy Metal,0.0934
Canción de Hielo y Fuego,Alta fantasia / epica,True,1,Eluveitie,Folk Metal,0.1036
Canción de Hielo y Fuego,Alta fantasia / epica,True,2,Amon Amarth,Melodic Death Metal,0.098
Canción de Hielo y Fuego,Alta fantasia / epica,True,3,Black Sabbath,Heavy Metal,0.0972
Canción de Hielo y Fuego,Alta fantasia / epica,True,4,Judas Priest,Heavy Metal,0.0864
Canción de Hielo y Fuego,Alta fantasia / epica,True,5,Avenged Sevenfold,Heavy Metal,0.0726
El Nombre del Viento,Alta fantasia / epica,True,1,Eluveitie,Folk Metal,0.0857
El Nombre del Viento,Alta fantasia / epica,True,2,Wintersun,Folk Metal,0.0842
El Nombre del Viento,Alta fantasia / epica,True,3,Amon Amarth,Melodic Death Metal,0.0804
El Nombre del Viento,Alta fantasia / epica,True,4,Korpiklaani,Folk Metal,0.0771
El Nombre del Viento,Alta fantasia / epica,True,5,Chelsea Wolfe,Gothic Metal,0.0757
El Hobbit,Alta fantasia / epica,True,1,Florence + The Machine,Alternative Rock,0.1021
El Hobbit,Alta fantasia / epica,True,2,Ghost,Occult Rock,0.0852
El Hobbit,Alta fantasia / epica,True,3,Royal Blood,Alternative Rock,0.0756
El Hobbit,Alta fantasia / epica,True,4,Electric Wizard,Doom Metal / Stoner,0.0735
El Hobbit,Alta fantasia / epica,True,5,Judas Priest,Heavy Metal,0.0681
El Silmarillion,Alta fantasia / epica,True,1,Florence + The Machine,Alternative Rock,0.1002
El Silmarillion,Alta fantasia / epica,True,2,Within Temptation,Symphonic Metal,0.0788
El Silmarillion,Alta fantasia / epica,True,3,The 1975,Alternative Rock,0.0787
El Silmarillion,Alta fantasia / epica,True,4,The Smashing Pumpkins,Alternative Rock,0.0596
El Silmarillion,Alta fantasia / epica,True,5,The Cure,Gothic Rock,0.0526
Eragon,Alta fantasia / epica,True,1,Electric Wizard,Doom Metal / Stoner,0.123
Eragon,Alta fantasia / epica,True,2,Sleep,Doom Metal / Stoner,0.1219
Eragon,Alta fantasia / epica,True,3,Judas Priest,Heavy Metal,0.093
Eragon,Alta fantasia / epica,True,4,Candlemass,Doom Metal / Stoner,0.0928
Eragon,Alta fantasia / epica,True,5,Black Sabbath,Heavy Metal,0.0852
El temor de un hombre sabio,Alta fantasia / epica,True,1,Cannibal Corpse,Death Metal,0.0841
El temor de un hombre sabio,Alta fantasia / epica,True,2,Behemoth,Blackened Death Metal,0.065
El temor de un hombre sabio,Alta fantasia / epica,True,3,Ghost,Occult Rock,0.0635
El temor de un hombre sabio,Alta fantasia / epica,True,4,At the Gates,Death Metal,0.061
El temor de un hombre sabio,Alta fantasia / epica,True,5,The Pretty Reckless,Alternative Rock,0.0481
Rey de cicatrices,Alta fantasia / epica,False,1,Pierce the Veil,Post-Hardcore,0.1148
Rey de cicatrices,Alta fantasia / epica,False,2,Sleeping With Sirens,Post-Hardcore,0.1117
Rey de cicatrices,Alta fantasia / epica,False,3,Paramore,Pop Punk,0.0807
Rey de cicatrices,Alta fantasia / epica,False,4,Green Day,Punk Rock,0.0777
Rey de cicatrices,Alta fantasia / epica,False,5,My Chemical Romance,Emo / Alternative Rock,0.0774
Mistborn: El imperio final,Alta fantasia / epica,True,1,Candlemass,Doom Metal / Stoner,0.1023
Mistborn: El imperio final,Alta fantasia / epica,True,2,Rhapsody of Fire,Power Metal,0.0773
Mistborn: El imperio final,Alta fantasia / epica,True,3,Sabaton,Power Metal,0.0678
Mistborn: El imperio final,Alta fantasia / epica,True,4,All Time Low,Pop Punk,0.0645
Mistborn: El imperio final,Alta fantasia / epica,True,5,Ghost,Occult Rock,0.0614
El pozo de la ascensión,Alta fantasia / epica,True,1,Candlemass,Doom Metal / Stoner,0.1001
El pozo de la ascensión,Alta fantasia / epica,True,2,Judas Priest,Heavy Metal,0.0847
El pozo de la ascensión,Alta fantasia / epica,True,3,Iron Maiden,Heavy Metal,0.0792
El pozo de la ascensión,Alta fantasia / epica,True,4,Sabaton,Power Metal,0.0767
El pozo de la ascensión,Alta fantasia / epica,True,5,DragonForce,Power Metal,0.0745
El héroe de las eras,Alta fantasia / epica,True,1,Cannibal Corpse,Death Metal,0.1078
El héroe de las eras,Alta fantasia / epica,True,2,Death,Death Metal,0.1033
El héroe de las eras,Alta fantasia / epica,True,3,Lorna Shore,Deathcore,0.1027
El héroe de las eras,Alta fantasia / epica,True,4,Suicide Silence,Deathcore,0.1014
El héroe de las eras,Alta fantasia / epica,True,5,Whitechapel,Deathcore,0.0953
El camino de los reyes,Alta fantasia / epica,True,1,DragonForce,Power Metal,0.1176
El camino de los reyes,Alta fantasia / epica,True,2,Jinjer,Metalcore,0.1067
El camino de los reyes,Alta fantasia / epica,True,3,Blind Guardian,Power Metal,0.0987
El camino de los reyes,Alta fantasia / epica,True,4,Black Sabbath,Heavy Metal,0.0871
El camino de los reyes,Alta fantasia / epica,True,5,Architects,Metalcore,0.0775
El archivo de las tormentas,Alta fantasia / epica,True,1,Iron Maiden,Heavy Metal,0.1044
El archivo de las tormentas,Alta fantasia / epica,True,2,Mayhem,Black Metal,0.0812
El archivo de las tormentas,Alta fantasia / epica,True,3,Judas Priest,Heavy Metal,0.079
El archivo de las tormentas,Alta fantasia / epica,True,4,Suicide Silence,Deathcore,0.0786
El archivo de las tormentas,Alta fantasia / epica,True,5,Amon Amarth,Melodic Death Metal,0.0768
La rueda del tiempo,Alta fantasia / epica,True,1,Black Sabbath,Heavy Metal,0.1268
La rueda del tiempo,Alta fantasia / epica,True,2,DragonForce,Power Metal,0.0982
La rueda del tiempo,Alta fantasia / epica,True,3,Rhapsody of Fire,Power Metal,0.0953
La rueda del tiempo,Alta fantasia / epica,True,4,Jinjer,Metalcore,0.0878
La rueda del tiempo,Alta fantasia / epica,True,5,Amon Amarth,Melodic Death Metal,0.0811
El priorato del naranjo,Alta fantasia / epica,False,1,Pierce the Veil,Post-Hardcore,0.1148
El priorato del naranjo,Alta fantasia / epica,False,2,Sleeping With Sirens,Post-Hardcore,0.1117
El priorato del naranjo,Alta fantasia / epica,False,3,Paramore,Pop Punk,0.0807
El priorato del naranjo,Alta fantasia / epica,False,4,Green Day,Punk Rock,0.0777
El priorato del naranjo,Alta fantasia / epica,False,5,My Chemical Romance,Emo / Alternative Rock,0.0774
Trono de Cristal,Romantasy (fantasia romantica),True,1,Cannibal Corpse,Death Metal,0.0922
Trono de Cristal,Romantasy (fantasia romantica),True,2,At the Gates,Death Metal,0.0919
Trono de Cristal,Romantasy (fantasia romantica),True,3,Wintersun,Folk Metal,0.0895
Trono de Cristal,Romantasy (fantasia romantica),True,4,Whitechapel,Deathcore,0.0829
Trono de Cristal,Romantasy (fantasia romantica),True,5,Death,Death Metal,0.0814
Una Corte de Rosas y Espinas,Romantasy (fantasia romantica),True,1,Ghost,Occult Rock,0.0766
Una Corte de Rosas y Espinas,Romantasy (fantasia romantica),True,2,Paradise Lost,Gothic Metal,0.0759
Una Corte de Rosas y Espinas,Romantasy (fantasia romantica),True,3,Electric Wizard,Doom Metal / Stoner,0.0666
Una Corte de Rosas y Espinas,Romantasy (fantasia romantica),True,4,Amon Amarth,Melodic Death Metal,0.066
Una Corte de Rosas y Espinas,Romantasy (fantasia romantica),True,5,Cannibal Corpse,Death Metal,0.0642
Cuarto Ala,Romantasy (fantasia romantica),False,1,Muse,Alternative Rock,0.1289
Cuarto Ala,Romantasy (fantasia romantica),False,2,The Smashing Pumpkins,Alternative Rock,0.1114
Cuarto Ala,Romantasy (fantasia romantica),False,3,The Maine,Alternative Rock,0.1112
Cuarto Ala,Romantasy (fantasia romantica),False,4,Led Zeppelin,Hard Rock / Rock clasico,0.1101
Cuarto Ala,Romantasy (fantasia romantica),False,5,The Cure,Gothic Rock,0.1076
Una corte de niebla y furia,Romantasy (fantasia romantica),True,1,The Pretty Reckless,Alternative Rock,0.0971
Una corte de niebla y furia,Romantasy (fantasia romantica),True,2,Bring Me The Horizon,Metalcore,0.0692
Una corte de niebla y furia,Romantasy (fantasia romantica),True,3,Wintersun,Folk Metal,0.0667
Una corte de niebla y furia,Romantasy (fantasia romantica),True,4,Lorna Shore,Deathcore,0.0549
Una corte de niebla y furia,Romantasy (fantasia romantica),True,5,Amon Amarth,Melodic Death Metal,0.0527
Una corte de alas y ruina,Romantasy (fantasia romantica),True,1,Iron Maiden,Heavy Metal,0.0807
Una corte de alas y ruina,Romantasy (fantasia romantica),True,2,Candlemass,Doom Metal / Stoner,0.075
Una corte de alas y ruina,Romantasy (fantasia romantica),True,3,The Cure,Gothic Rock,0.0748
Una corte de alas y ruina,Romantasy (fantasia romantica),True,4,Evanescence,Gothic Metal,0.0741
Una corte de alas y ruina,Romantasy (fantasia romantica),True,5,Agalloch,Post-Metal / Atmospheric,0.0537
Reina de sombras,Romantasy (fantasia romantica),True,1,HIM,Gothic Rock,0.0834
Reina de sombras,Romantasy (fantasia romantica),True,2,Chelsea Wolfe,Gothic Metal,0.0783
Reina de sombras,Romantasy (fantasia romantica),True,3,Korpiklaani,Folk Metal,0.0676
Reina de sombras,Romantasy (fantasia romantica),True,4,Wintersun,Folk Metal,0.0567
Reina de sombras,Romantasy (fantasia romantica),True,5,The 69 Eyes,Gothic Rock,0.0563
Fourth Wing,Romantasy (fantasia romantica),True,1,Lorna Shore,Deathcore,0.1304
Fourth Wing,Romantasy (fantasia romantica),True,2,Suicide Silence,Deathcore,0.1088
Fourth Wing,Romantasy (fantasia romantica),True,3,Amon Amarth,Melodic Death Metal,0.1005
Fourth Wing,Romantasy (fantasia romantica),True,4,Whitechapel,Deathcore,0.0989
Fourth Wing,Romantasy (fantasia romantica),True,5,Death,Death Metal,0.0974
Iron Flame,Romantasy (fantasia romantica),True,1,Lorna Shore,Deathcore,0.1208
Iron Flame,Romantasy (fantasia romantica),True,2,Suicide Silence,Deathcore,0.1153
Iron Flame,Romantasy (fantasia romantica),True,3,Deep Purple,Hard Rock / Rock clasico,0.0559
Iron Flame,Romantasy (fantasia romantica),True,4,Opeth,Progressive Metal,0.0539
Iron Flame,Romantasy (fantasia romantica),True,5,Whitechapel,Deathcore,0.0537
Onyx Storm,Romantasy (fantasia romantica),True,1,Electric Wizard,Doom Metal / Stoner,0.0814
Onyx Storm,Romantasy (fantasia romantica),True,2,Judas Priest,Heavy Metal,0.0642
Onyx Storm,Romantasy (fantasia romantica),True,3,Sleep,Doom Metal / Stoner,0.064
Onyx Storm,Romantasy (fantasia romantica),True,4,Candlemass,Doom Metal / Stoner,0.0625
Onyx Storm,Romantasy (fantasia romantica),True,5,Black Sabbath,Heavy Metal,0.0596
Powerless,Romantasy (fantasia romantica),True,1,All Time Low,Pop Punk,0.082
Powerless,Romantasy (fantasia romantica),True,2,The Wonder Years,Pop Punk,0.0624
Powerless,Romantasy (fantasia romantica),True,3,Korpiklaani,Folk Metal,0.0592
Powerless,Romantasy (fantasia romantica),True,4,Nightwish,Symphonic Metal,0.0532
Powerless,Romantasy (fantasia romantica),True,5,My Chemical Romance,Emo / Alternative Rock,0.0525
Reckless,Romantasy (fantasia romantica),True,1,Wintersun,Folk Metal,0.0974
Reckless,Romantasy (fantasia romantica),True,2,Korpiklaani,Folk Metal,0.0939
Reckless,Romantasy (fantasia romantica),True,3,HIM,Gothic Rock,0.0795
Reckless,Romantasy (fantasia romantica),True,4,Eluveitie,Folk Metal,0.0723
Reckless,Romantasy (fantasia romantica),True,5,The 69 Eyes,Gothic Rock,0.0602
Divine Rivals,Romantasy (fantasia romantica),True,1,Korpiklaani,Folk Metal,0.0679
Divine Rivals,Romantasy (fantasia romantica),True,2,Wintersun,Folk Metal,0.0674
Divine Rivals,Romantasy (fantasia romantica),True,3,The Smashing Pumpkins,Alternative Rock,0.0641
Divine Rivals,Romantasy (fantasia romantica),True,4,Epica,Symphonic Metal,0.0511
Divine Rivals,Romantasy (fantasia romantica),True,5,Eluveitie,Folk Metal,0.0427
Ruthless Vows,Romantasy (fantasia romantica),True,1,The Cure,Gothic Rock,0.069
Ruthless Vows,Romantasy (fantasia romantica),True,2,My Chemical Romance,Emo / Alternative Rock,0.0685
Ruthless Vows,Romantasy (fantasia romantica),True,3,Chelsea Wolfe,Gothic Metal,0.0609
Ruthless Vows,Romantasy (fantasia romantica),True,4,Within Temptation,Symphonic Metal,0.0582
Ruthless Vows,Romantasy (fantasia romantica),True,5,Lacuna Coil,Gothic Metal,0.0568
Érase una vez un corazón roto,Romantasy (fantasia romantica),True,1,Led Zeppelin,Hard Rock / Rock clasico,0.0921
Érase una vez un corazón roto,Romantasy (fantasia romantica),True,2,Muse,Alternative Rock,0.0887
Érase una vez un corazón roto,Romantasy (fantasia romantica),True,3,The Pretty Reckless,Alternative Rock,0.0795
Érase una vez un corazón roto,Romantasy (fantasia romantica),True,4,Deep Purple,Hard Rock / Rock clasico,0.0782
Érase una vez un corazón roto,Romantasy (fantasia romantica),True,5,AC/DC,Hard Rock / Rock clasico,0.0756
La balada del príncipe roto,Romantasy (fantasia romantica),False,1,Muse,Alternative Rock,0.1289
La balada del príncipe roto,Romantasy (fantasia romantica),False,2,The Smashing Pumpkins,Alternative Rock,0.1114
La balada del príncipe roto,Romantasy (fantasia romantica),False,3,The Maine,Alternative Rock,0.1112
La balada del príncipe roto,Romantasy (fantasia romantica),False,4,Led Zeppelin,Hard Rock / Rock clasico,0.1101
La balada del príncipe roto,Romantasy (fantasia romantica),False,5,The Cure,Gothic Rock,0.1076
La vida invisible de Addie LaRue,Romantasy (fantasia romantica),True,1,The Smashing Pumpkins,Alternative Rock,0.1217
La vida invisible de Addie LaRue,Romantasy (fantasia romantica),True,2,The Pretty Reckless,Alternative Rock,0.1066
La vida invisible de Addie LaRue,Romantasy (fantasia romantica),True,3,Sum 41,Pop Punk,0.0886
La vida invisible de Addie LaRue,Romantasy (fantasia romantica),True,4,The Cure,Gothic Rock,0.0859
La vida invisible de Addie LaRue,Romantasy (fantasia romantica),True,5,Within Temptation,Symphonic Metal,0.0642
Stardust,Romantasy (fantasia romantica),True,1,The Cure,Gothic Rock,0.1636
Stardust,Romantasy (fantasia romantica),True,2,The Smashing Pumpkins,Alternative Rock,0.1398
Stardust,Romantasy (fantasia romantica),True,3,Florence + The Machine,Alternative Rock,0.1179
Stardust,Romantasy (fantasia romantica),True,4,The 69 Eyes,Gothic Rock,0.1146
Stardust,Romantasy (fantasia romantica),True,5,HIM,Gothic Rock,0.1141
Carry On,Romantasy (fantasia romantica),True,1,Suicide Silence,Deathcore,0.0801
Carry On,Romantasy (fantasia romantica),True,2,Spiritbox,Metalcore,0.0734
Carry On,Romantasy (fantasia romantica),True,3,Death,Death Metal,0.0688
Carry On,Romantasy (fantasia romantica),True,4,Electric Wizard,Doom Metal / Stoner,0.0633
Carry On,Romantasy (fantasia romantica),True,5,Lorna Shore,Deathcore,0.0607
Sombra y Hueso,Fantasia oscura / gotica,True,1,Alcest,Post-Metal / Atmospheric,0.1125
Sombra y Hueso,Fantasia oscura / gotica,True,2,Agalloch,Post-Metal / Atmospheric,0.1084
Sombra y Hueso,Fantasia oscura / gotica,True,3,Epica,Symphonic Metal,0.0957
Sombra y Hueso,Fantasia oscura / gotica,True,4,Type O Negative,Gothic Metal,0.0852
Sombra y Hueso,Fantasia oscura / gotica,True,5,Sabaton,Power Metal,0.0839
Drácula,Fantasia oscura / gotica,True,1,Paradise Lost,Gothic Metal,0.1446
Drácula,Fantasia oscura / gotica,True,2,Type O Negative,Gothic Metal,0.1396
Drácula,Fantasia oscura / gotica,True,3,The 69 Eyes,Gothic Rock,0.1363
Drácula,Fantasia oscura / gotica,True,4,Lacuna Coil,Gothic Metal,0.1339
Drácula,Fantasia oscura / gotica,True,5,Chelsea Wolfe,Gothic Metal,0.1177
Vicious,Fantasia oscura / gotica,True,1,Sleep,Doom Metal / Stoner,0.0879
Vicious,Fantasia oscura / gotica,True,2,Electric Wizard,Doom Metal / Stoner,0.0857
Vicious,Fantasia oscura / gotica,True,3,Pierce the Veil,Post-Hardcore,0.0849
Vicious,Fantasia oscura / gotica,True,4,Candlemass,Doom Metal / Stoner,0.0759
Vicious,Fantasia oscura / gotica,True,5,Spiritbox,Metalcore,0.0667
Berserk,Fantasia oscura / gotica,True,1,Mayhem,Black Metal,0.127
Berserk,Fantasia oscura / gotica,True,2,Dimmu Borgir,Black Metal,0.1263
Berserk,Fantasia oscura / gotica,True,3,Behemoth,Blackened Death Metal,0.1056
Berserk,Fantasia oscura / gotica,True,4,Emperor,Black Metal,0.1015
Berserk,Fantasia oscura / gotica,True,5,Avenged Sevenfold,Heavy Metal,0.0867
The Witcher,Fantasia oscura / gotica,True,1,Mayhem,Black Metal,0.0655
The Witcher,Fantasia oscura / gotica,True,2,Emperor,Black Metal,0.0598
The Witcher,Fantasia oscura / gotica,True,3,Alcest,Post-Metal / Atmospheric,0.0562
The Witcher,Fantasia oscura / gotica,True,4,Within Temptation,Symphonic Metal,0.052
The Witcher,Fantasia oscura / gotica,True,5,Rhapsody of Fire,Power Metal,0.0445
La novena casa,Fantasia oscura / gotica,True,1,The Wonder Years,Pop Punk,0.0774
La novena casa,Fantasia oscura / gotica,True,2,Mayday Parade,Pop Punk,0.0755
La novena casa,Fantasia oscura / gotica,True,3,The Pretty Reckless,Alternative Rock,0.0714
La novena casa,Fantasia oscura / gotica,True,4,Pierce the Veil,Post-Hardcore,0.0698
La novena casa,Fantasia oscura / gotica,True,5,My Chemical Romance,Emo / Alternative Rock,0.0684
Hell Bent,Fantasia oscura / gotica,True,1,Ghost,Occult Rock,0.0766
Hell Bent,Fantasia oscura / gotica,True,2,Royal Blood,Alternative Rock,0.0609
Hell Bent,Fantasia oscura / gotica,True,3,Lorna Shore,Deathcore,0.0536
Hell Bent,Fantasia oscura / gotica,True,4,Death,Death Metal,0.048
Hell Bent,Fantasia oscura / gotica,True,5,Whitechapel,Deathcore,0.0462
El océano al final del camino,Fantasia oscura / gotica,True,1,Behemoth,Blackened Death Metal,0.1299
El océano al final del camino,Fantasia oscura / gotica,True,2,Cannibal Corpse,Death Metal,0.1063
El océano al final del camino,Fantasia oscura / gotica,True,3,At the Gates,Death Metal,0.0743
El océano al final del camino,Fantasia oscura / gotica,True,4,Alcest,Post-Metal / Atmospheric,0.0647
El océano al final del camino,Fantasia oscura / gotica,True,5,The Pretty Reckless,Alternative Rock,0.0598
Elric de Melniboné,Fantasia oscura / gotica,True,1,The 69 Eyes,Gothic Rock,0.1
Elric de Melniboné,Fantasia oscura / gotica,True,2,HIM,Gothic Rock,0.0935
Elric de Melniboné,Fantasia oscura / gotica,True,3,Chelsea Wolfe,Gothic Metal,0.0855
Elric de Melniboné,Fantasia oscura / gotica,True,4,Lacuna Coil,Gothic Metal,0.0726
Elric de Melniboné,Fantasia oscura / gotica,True,5,Evanescence,Gothic Metal,0.0615
The Poppy War,Fantasia oscura / gotica,True,1,Jinjer,Metalcore,0.0784
The Poppy War,Fantasia oscura / gotica,True,2,Killswitch Engage,Metalcore,0.0752
The Poppy War,Fantasia oscura / gotica,True,3,Black Sabbath,Heavy Metal,0.0748
The Poppy War,Fantasia oscura / gotica,True,4,DragonForce,Power Metal,0.0732
The Poppy War,Fantasia oscura / gotica,True,5,Sabaton,Power Metal,0.0729
La guerra de la amapola,Fantasia oscura / gotica,False,1,Chelsea Wolfe,Gothic Metal,0.1191
La guerra de la amapola,Fantasia oscura / gotica,False,2,The Cure,Gothic Rock,0.1147
La guerra de la amapola,Fantasia oscura / gotica,False,3,HIM,Gothic Rock,0.1146
La guerra de la amapola,Fantasia oscura / gotica,False,4,The 69 Eyes,Gothic Rock,0.1052
La guerra de la amapola,Fantasia oscura / gotica,False,5,Dimmu Borgir,Black Metal,0.0971
Coraline,Fantasia oscura / gotica,True,1,Deep Purple,Hard Rock / Rock clasico,0.1166
Coraline,Fantasia oscura / gotica,True,2,AC/DC,Hard Rock / Rock clasico,0.1089
Coraline,Fantasia oscura / gotica,True,3,My Chemical Romance,Emo / Alternative Rock,0.1072
Coraline,Fantasia oscura / gotica,True,4,Led Zeppelin,Hard Rock / Rock clasico,0.1036
Coraline,Fantasia oscura / gotica,True,5,Sleep,Doom Metal / Stoner,0.0933
A Darker Shade of Magic,Fantasia oscura / gotica,True,1,Sabaton,Power Metal,0.0886
A Darker Shade of Magic,Fantasia oscura / gotica,True,2,DragonForce,Power Metal,0.0835
A Darker Shade of Magic,Fantasia oscura / gotica,True,3,All Time Low,Pop Punk,0.0817
A Darker Shade of Magic,Fantasia oscura / gotica,True,4,Iron Maiden,Heavy Metal,0.0731
A Darker Shade of Magic,Fantasia oscura / gotica,True,5,Blind Guardian,Power Metal,0.0713
The Locked Tomb,Fantasia oscura / gotica,True,1,Sleep,Doom Metal / Stoner,0.1212
The Locked Tomb,Fantasia oscura / gotica,True,2,Electric Wizard,Doom Metal / Stoner,0.1094
The Locked Tomb,Fantasia oscura / gotica,True,3,Judas Priest,Heavy Metal,0.0781
The Locked Tomb,Fantasia oscura / gotica,True,4,Candlemass,Doom Metal / Stoner,0.0718
The Locked Tomb,Fantasia oscura / gotica,True,5,Disturbed,Alternative Metal,0.071
Gideon the Ninth,Fantasia oscura / gotica,True,1,Lacuna Coil,Gothic Metal,0.0606
Gideon the Ninth,Fantasia oscura / gotica,True,2,Lorna Shore,Deathcore,0.056
Gideon the Ninth,Fantasia oscura / gotica,True,3,Death,Death Metal,0.0549
Gideon the Ninth,Fantasia oscura / gotica,True,4,Suicide Silence,Deathcore,0.0507
Gideon the Ninth,Fantasia oscura / gotica,True,5,Paradise Lost,Gothic Metal,0.0506
Mexican Gothic,Fantasia oscura / gotica,True,1,The 69 Eyes,Gothic Rock,0.1254
Mexican Gothic,Fantasia oscura / gotica,True,2,The Cure,Gothic Rock,0.098
Mexican Gothic,Fantasia oscura / gotica,True,3,Lacuna Coil,Gothic Metal,0.0948
Mexican Gothic,Fantasia oscura / gotica,True,4,HIM,Gothic Rock,0.0771
Mexican Gothic,Fantasia oscura / gotica,True,5,Chelsea Wolfe,Gothic Metal,0.0744
The Hazel Wood,Fantasia oscura / gotica,True,1,Lacuna Coil,Gothic Metal,0.1029
The Hazel Wood,Fantasia oscura / gotica,True,2,The Pretty Reckless,Alternative Rock,0.0787
The Hazel Wood,Fantasia oscura / gotica,True,3,My Chemical Romance,Emo / Alternative Rock,0.0736
The Hazel Wood,Fantasia oscura / gotica,True,4,Epica,Symphonic Metal,0.0641
The Hazel Wood,Fantasia oscura / gotica,True,5,Ghost,Occult Rock,0.0546
Jonathan Strange y el señor Norrell,Fantasia oscura / gotica,True,1,The Cure,Gothic Rock,0.1433
Jonathan Strange y el señor Norrell,Fantasia oscura / gotica,True,2,Evanescence,Gothic Metal,0.1032
Jonathan Strange y el señor Norrell,Fantasia oscura / gotica,True,3,The 69 Eyes,Gothic Rock,0.0969
Jonathan Strange y el señor Norrell,Fantasia oscura / gotica,True,4,HIM,Gothic Rock,0.0958
Jonathan Strange y el señor Norrell,Fantasia oscura / gotica,True,5,Lacuna Coil,Gothic Metal,0.0776
Piranesi,Fantasia oscura / gotica,True,1,The 1975,Alternative Rock,0.1031
Piranesi,Fantasia oscura / gotica,True,2,The Pretty Reckless,Alternative Rock,0.0913
Piranesi,Fantasia oscura / gotica,True,3,My Chemical Romance,Emo / Alternative Rock,0.0809
Piranesi,Fantasia oscura / gotica,True,4,Muse,Alternative Rock,0.0755
Piranesi,Fantasia oscura / gotica,True,5,Royal Blood,Alternative Rock,0.0737
Outlander,Romance historico / gotico,True,1,The Cure,Gothic Rock,0.1276
Outlander,Romance historico / gotico,True,2,HIM,Gothic Rock,0.0984
Outlander,Romance historico / gotico,True,3,The 69 Eyes,Gothic Rock,0.0971
Outlander,Romance historico / gotico,True,4,Lacuna Coil,Gothic Metal,0.0848
Outlander,Romance historico / gotico,True,5,Iron Maiden,Heavy Metal,0.0826
Jane Eyre,Romance historico / gotico,True,1,The Cure,Gothic Rock,0.1263
Jane Eyre,Romance historico / gotico,True,2,Lacuna Coil,Gothic Metal,0.0997
Jane Eyre,Romance historico / gotico,True,3,Evanescence,Gothic Metal,0.096
Jane Eyre,Romance historico / gotico,True,4,The 69 Eyes,Gothic Rock,0.0839
Jane Eyre,Romance historico / gotico,True,5,Chelsea Wolfe,Gothic Metal,0.0833
Un día de diciembre,Romance historico / gotico,False,1,The Cure,Gothic Rock,0.2172
Un día de diciembre,Romance historico / gotico,False,2,The 69 Eyes,Gothic Rock,0.2015
Un día de diciembre,Romance historico / gotico,False,3,HIM,Gothic Rock,0.1977
Un día de diciembre,Romance historico / gotico,False,4,Evanescence,Gothic Metal,0.1589
Un día de diciembre,Romance historico / gotico,False,5,Within Temptation,Symphonic Metal,0.1416
Cazadores de Sombras: Ciudad de Hueso,Fantasia urbana,False,1,Simple Plan,Pop Punk,0.1642
Cazadores de Sombras: Ciudad de Hueso,Fantasia urbana,False,2,Sum 41,Pop Punk,0.1525
Cazadores de Sombras: Ciudad de Hueso,Fantasia urbana,False,3,Green Day,Punk Rock,0.149
Cazadores de Sombras: Ciudad de Hueso,Fantasia urbana,False,4,Fall Out Boy,Pop Punk,0.1469
Cazadores de Sombras: Ciudad de Hueso,Fantasia urbana,False,5,Paramore,Pop Punk,0.1459
The Infernal Devices,Fantasia urbana,True,1,Mayhem,Black Metal,0.0881
The Infernal Devices,Fantasia urbana,True,2,Sabaton,Power Metal,0.0867
The Infernal Devices,Fantasia urbana,True,3,Behemoth,Blackened Death Metal,0.0737
The Infernal Devices,Fantasia urbana,True,4,Death,Death Metal,0.0694
The Infernal Devices,Fantasia urbana,True,5,Iron Maiden,Heavy Metal,0.069
Cazadores de sombras,Fantasia urbana,False,1,Simple Plan,Pop Punk,0.1642
Cazadores de sombras,Fantasia urbana,False,2,Sum 41,Pop Punk,0.1525
Cazadores de sombras,Fantasia urbana,False,3,Green Day,Punk Rock,0.149
Cazadores de sombras,Fantasia urbana,False,4,Fall Out Boy,Pop Punk,0.1469
Cazadores de sombras,Fantasia urbana,False,5,Paramore,Pop Punk,0.1459
Ciudad de hueso,Fantasia urbana,False,1,Simple Plan,Pop Punk,0.1642
Ciudad de hueso,Fantasia urbana,False,2,Sum 41,Pop Punk,0.1525
Ciudad de hueso,Fantasia urbana,False,3,Green Day,Punk Rock,0.149
Ciudad de hueso,Fantasia urbana,False,4,Fall Out Boy,Pop Punk,0.1469
Ciudad de hueso,Fantasia urbana,False,5,Paramore,Pop Punk,0.1459
Seis de cuervos,Fantasia urbana,True,1,Within Temptation,Symphonic Metal,0.1009
Seis de cuervos,Fantasia urbana,True,2,Mayhem,Black Metal,0.0915
Seis de cuervos,Fantasia urbana,True,3,Sum 41,Pop Punk,0.0727
Seis de cuervos,Fantasia urbana,True,4,Blind Guardian,Power Metal,0.0687
Seis de cuervos,Fantasia urbana,True,5,Alcest,Post-Metal / Atmospheric,0.0673
Mitología Nórdica,Mitologia (nordica / celta / griega),True,1,Korpiklaani,Folk Metal,0.0889
Mitología Nórdica,Mitologia (nordica / celta / griega),True,2,Ghost,Occult Rock,0.0831
Mitología Nórdica,Mitologia (nordica / celta / griega),True,3,The 69 Eyes,Gothic Rock,0.0801
Mitología Nórdica,Mitologia (nordica / celta / griega),True,4,Eluveitie,Folk Metal,0.0794
Mitología Nórdica,Mitologia (nordica / celta / griega),True,5,Wintersun,Folk Metal,0.0703
La canción de Aquiles,Mitologia (nordica / celta / griega),True,1,Lorna Shore,Deathcore,0.0846
La canción de Aquiles,Mitologia (nordica / celta / griega),True,2,Muse,Alternative Rock,0.0842
La canción de Aquiles,Mitologia (nordica / celta / griega),True,3,Sleep,Doom Metal / Stoner,0.0755
La canción de Aquiles,Mitologia (nordica / celta / griega),True,4,Suicide Silence,Deathcore,0.0737
La canción de Aquiles,Mitologia (nordica / celta / griega),True,5,Electric Wizard,Doom Metal / Stoner,0.0632
Circe,Mitologia (nordica / celta / griega),True,1,Ghost,Occult Rock,0.0955
Circe,Mitologia (nordica / celta / griega),True,2,Sabaton,Power Metal,0.0867
Circe,Mitologia (nordica / celta / griega),True,3,Rhapsody of Fire,Power Metal,0.0788
Circe,Mitologia (nordica / celta / griega),True,4,DragonForce,Power Metal,0.0719
Circe,Mitologia (nordica / celta / griega),True,5,Deftones,Alternative Metal,0.0606
Percy Jackson,Mitologia (nordica / celta / griega),True,1,Cannibal Corpse,Death Metal,0.1075
Percy Jackson,Mitologia (nordica / celta / griega),True,2,Black Sabbath,Heavy Metal,0.0892
Percy Jackson,Mitologia (nordica / celta / griega),True,3,At the Gates,Death Metal,0.0814
Percy Jackson,Mitologia (nordica / celta / griega),True,4,Nightwish,Symphonic Metal,0.0796
Percy Jackson,Mitologia (nordica / celta / griega),True,5,Dream Theater,Progressive Metal,0.077
El ladrón del rayo,Mitologia (nordica / celta / griega),True,1,Cannibal Corpse,Death Metal,0.1075
El ladrón del rayo,Mitologia (nordica / celta / griega),True,2,Black Sabbath,Heavy Metal,0.0892
El ladrón del rayo,Mitologia (nordica / celta / griega),True,3,At the Gates,Death Metal,0.0814
El ladrón del rayo,Mitologia (nordica / celta / griega),True,4,Nightwish,Symphonic Metal,0.0796
El ladrón del rayo,Mitologia (nordica / celta / griega),True,5,Dream Theater,Progressive Metal,0.077
Héroes del Olimpo,Mitologia (nordica / celta / griega),True,1,Alcest,Post-Metal / Atmospheric,0.0803
Héroes del Olimpo,Mitologia (nordica / celta / griega),True,2,Nightwish,Symphonic Metal,0.0782
Héroes del Olimpo,Mitologia (nordica / celta / griega),True,3,Jinjer,Metalcore,0.0764
Héroes del Olimpo,Mitologia (nordica / celta / griega),True,4,Kamelot,Symphonic Metal,0.0669
Héroes del Olimpo,Mitologia (nordica / celta / griega),True,5,Avenged Sevenfold,Heavy Metal,0.0656
Gods of Jade and Shadow,Mitologia (nordica / celta / griega),True,1,Lorna Shore,Deathcore,0.1701
Gods of Jade and Shadow,Mitologia (nordica / celta / griega),True,2,Amon Amarth,Melodic Death Metal,0.1475
Gods of Jade and Shadow,Mitologia (nordica / celta / griega),True,3,At the Gates,Death Metal,0.1403
Gods of Jade and Shadow,Mitologia (nordica / celta / griega),True,4,The Smashing Pumpkins,Alternative Rock,0.1393
Gods of Jade and Shadow,Mitologia (nordica / celta / griega),True,5,Wintersun,Folk Metal,0.1131
El príncipe cruel,Fae Fantasy,True,1,Cannibal Corpse,Death Metal,0.1182
El príncipe cruel,Fae Fantasy,True,2,Death,Death Metal,0.1055
El príncipe cruel,Fae Fantasy,True,3,At the Gates,Death Metal,0.0973
El príncipe cruel,Fae Fantasy,True,4,Behemoth,Blackened Death Metal,0.0951
El príncipe cruel,Fae Fantasy,True,5,Bad Omens,Alternative Metal,0.0698
El rey malvado,Fae Fantasy,False,1,Korpiklaani,Folk Metal,0.1086
El rey malvado,Fae Fantasy,False,2,The Smashing Pumpkins,Alternative Rock,0.0941
El rey malvado,Fae Fantasy,False,3,Wintersun,Folk Metal,0.0891
El rey malvado,Fae Fantasy,False,4,The 1975,Alternative Rock,0.0813
El rey malvado,Fae Fantasy,False,5,Green Day,Punk Rock,0.0789
La reina de nada,Fae Fantasy,False,1,Korpiklaani,Folk Metal,0.1086
La reina de nada,Fae Fantasy,False,2,The Smashing Pumpkins,Alternative Rock,0.0941
La reina de nada,Fae Fantasy,False,3,Wintersun,Folk Metal,0.0891
La reina de nada,Fae Fantasy,False,4,The 1975,Alternative Rock,0.0813
La reina de nada,Fae Fantasy,False,5,Green Day,Punk Rock,0.0789
Las crónicas de Narnia,Fantasia clasica / juvenil,True,1,Florence + The Machine,Alternative Rock,0.0611
Las crónicas de Narnia,Fantasia clasica / juvenil,True,2,The 1975,Alternative Rock,0.0561
Las crónicas de Narnia,Fantasia clasica / juvenil,True,3,Sleep Token,Alternative Metal,0.0548
Las crónicas de Narnia,Fantasia clasica / juvenil,True,4,Evanescence,Gothic Metal,0.0483
Las crónicas de Narnia,Fantasia clasica / juvenil,True,5,Lorna Shore,Deathcore,0.0447
La brújula dorada,Fantasia clasica / juvenil,True,1,Sum 41,Pop Punk,0.1405
La brújula dorada,Fantasia clasica / juvenil,True,2,Ghost,Occult Rock,0.0932
La brújula dorada,Fantasia clasica / juvenil,True,3,Black Sabbath,Heavy Metal,0.0837
La brújula dorada,Fantasia clasica / juvenil,True,4,Iron Maiden,Heavy Metal,0.0749
La brújula dorada,Fantasia clasica / juvenil,True,5,Suicide Silence,Deathcore,0.0633
El castillo ambulante,Fantasia clasica / juvenil,True,1,Amon Amarth,Melodic Death Metal,0.0844
El castillo ambulante,Fantasia clasica / juvenil,True,2,Led Zeppelin,Hard Rock / Rock clasico,0.0801
El castillo ambulante,Fantasia clasica / juvenil,True,3,AC/DC,Hard Rock / Rock clasico,0.0758
El castillo ambulante,Fantasia clasica / juvenil,True,4,Deep Purple,Hard Rock / Rock clasico,0.059
El castillo ambulante,Fantasia clasica / juvenil,True,5,Epica,Symphonic Metal,0.0539
Alicia en el País de las Maravillas,Fantasia clasica / juvenil,False,1,Pierce the Veil,Post-Hardcore,0.1224
Alicia en el País de las Maravillas,Fantasia clasica / juvenil,False,2,Within Temptation,Symphonic Metal,0.1065
Alicia en el País de las Maravillas,Fantasia clasica / juvenil,False,3,Simple Plan,Pop Punk,0.0843
Alicia en el País de las Maravillas,Fantasia clasica / juvenil,False,4,Kamelot,Symphonic Metal,0.0757
Alicia en el País de las Maravillas,Fantasia clasica / juvenil,False,5,Green Day,Punk Rock,0.0753
A través del espejo,Fantasia clasica / juvenil,True,1,The 1975,Alternative Rock,0.129
A través del espejo,Fantasia clasica / juvenil,True,2,Alcest,Post-Metal / Atmospheric,0.0926
A través del espejo,Fantasia clasica / juvenil,True,3,Sleep Token,Alternative Metal,0.0877
A través del espejo,Fantasia clasica / juvenil,True,4,Evanescence,Gothic Metal,0.0864
A través del espejo,Fantasia clasica / juvenil,True,5,Florence + The Machine,Alternative Rock,0.0801
Caraval,Fantasia clasica / juvenil,True,1,Killswitch Engage,Metalcore,0.0657
Caraval,Fantasia clasica / juvenil,True,2,Avenged Sevenfold,Heavy Metal,0.0566
Caraval,Fantasia clasica / juvenil,True,3,Death,Death Metal,0.0501
Caraval,Fantasia clasica / juvenil,True,4,Epica,Symphonic Metal,0.0489
Caraval,Fantasia clasica / juvenil,True,5,At the Gates,Death Metal,0.0469
El circo de la noche,Fantasia clasica / juvenil,True,1,Mayhem,Black Metal,0.0982
El circo de la noche,Fantasia clasica / juvenil,True,2,Emperor,Black Metal,0.0976
El circo de la noche,Fantasia clasica / juvenil,True,3,Jinjer,Metalcore,0.0906
El circo de la noche,Fantasia clasica / juvenil,True,4,Bring Me The Horizon,Metalcore,0.09
El circo de la noche,Fantasia clasica / juvenil,True,5,Suicide Silence,Deathcore,0.0882
El mar sin estrellas,Fantasia clasica / juvenil,True,1,Florence + The Machine,Alternative Rock,0.1332
El mar sin estrellas,Fantasia clasica / juvenil,True,2,The 1975,Alternative Rock,0.1261
El mar sin estrellas,Fantasia clasica / juvenil,True,3,Simple Plan,Pop Punk,0.1054
El mar sin estrellas,Fantasia clasica / juvenil,True,4,The Maine,Alternative Rock,0.0926
El mar sin estrellas,Fantasia clasica / juvenil,True,5,Mayday Parade,Pop Punk,0.0884
La primera ley,Grimdark,True,1,Paradise Lost,Gothic Metal,0.122
La primera ley,Grimdark,True,2,Type O Negative,Gothic Metal,0.1201
La primera ley,Grimdark,True,3,Cannibal Corpse,Death Metal,0.1119
La primera ley,Grimdark,True,4,Death,Death Metal,0.1101
La primera ley,Grimdark,True,5,Sabaton,Power Metal,0.106
Malaz: El libro de los caídos,Grimdark,True,1,Black Sabbath,Heavy Metal,0.1093
Malaz: El libro de los caídos,Grimdark,True,2,Judas Priest,Heavy Metal,0.0857
Malaz: El libro de los caídos,Grimdark,True,3,Wintersun,Folk Metal,0.08
Malaz: El libro de los caídos,Grimdark,True,4,Eluveitie,Folk Metal,0.0704
Malaz: El libro de los caídos,Grimdark,True,5,Type O Negative,Gothic Metal,0.0692
La compañía negra,Grimdark,True,1,Mayhem,Black Metal,0.1307
La compañía negra,Grimdark,True,2,Behemoth,Blackened Death Metal,0.13
La compañía negra,Grimdark,True,3,Dimmu Borgir,Black Metal,0.1158
La compañía negra,Grimdark,True,4,Emperor,Black Metal,0.0882
La compañía negra,Grimdark,True,5,Agalloch,Post-Metal / Atmospheric,0.0877
Babel,Dark Academia,True,1,Mayhem,Black Metal,0.1792
Babel,Dark Academia,True,2,Emperor,Black Metal,0.165
Babel,Dark Academia,True,3,Dimmu Borgir,Black Metal,0.1526
Babel,Dark Academia,True,4,Alcest,Post-Metal / Atmospheric,0.1149
Babel,Dark Academia,True,5,Within Temptation,Symphonic Metal,0.1073
Ninth House,Dark Academia,True,1,Behemoth,Blackened Death Metal,0.0723
Ninth House,Dark Academia,True,2,Mayday Parade,Pop Punk,0.0616
Ninth House,Dark Academia,True,3,Suicide Silence,Deathcore,0.0613
Ninth House,Dark Academia,True,4,Cannibal Corpse,Death Metal,0.0609
Ninth House,Dark Academia,True,5,Death,Death Metal,0.0588
Entrevista con el vampiro,Gotico clasico / vampiros,True,1,Behemoth,Blackened Death Metal,0.1129
Entrevista con el vampiro,Gotico clasico / vampiros,True,2,Lorna Shore,Deathcore,0.0992
Entrevista con el vampiro,Gotico clasico / vampiros,True,3,Sleeping With Sirens,Post-Hardcore,0.0766
Entrevista con el vampiro,Gotico clasico / vampiros,True,4,Suicide Silence,Deathcore,0.0715
Entrevista con el vampiro,Gotico clasico / vampiros,True,5,My Chemical Romance,Emo / Alternative Rock,0.0687
El vampiro Lestat,Gotico clasico / vampiros,True,1,Chelsea Wolfe,Gothic Metal,0.0893
El vampiro Lestat,Gotico clasico / vampiros,True,2,The Cure,Gothic Rock,0.0818
El vampiro Lestat,Gotico clasico / vampiros,True,3,Suicide Silence,Deathcore,0.0694
El vampiro Lestat,Gotico clasico / vampiros,True,4,Lorna Shore,Deathcore,0.0608
El vampiro Lestat,Gotico clasico / vampiros,True,5,Behemoth,Blackened Death Metal,0.0592
Las brujas de Mayfair,Gotico clasico / vampiros,True,1,Electric Wizard,Doom Metal / Stoner,0.0613
Las brujas de Mayfair,Gotico clasico / vampiros,True,2,The Cure,Gothic Rock,0.0566
Las brujas de Mayfair,Gotico clasico / vampiros,True,3,Sleep,Doom Metal / Stoner,0.0556
Las brujas de Mayfair,Gotico clasico / vampiros,True,4,Candlemass,Doom Metal / Stoner,0.0452
Las brujas de Mayfair,Gotico clasico / vampiros,True,5,HIM,Gothic Rock,0.0412
Carmilla,Gotico clasico / vampiros,True,1,Lacuna Coil,Gothic Metal,0.1728
Carmilla,Gotico clasico / vampiros,True,2,Chelsea Wolfe,Gothic Metal,0.1273
Carmilla,Gotico clasico / vampiros,True,3,Epica,Symphonic Metal,0.1154
Carmilla,Gotico clasico / vampiros,True,4,The Pretty Reckless,Alternative Rock,0.1118
Carmilla,Gotico clasico / vampiros,True,5,Dimmu Borgir,Black Metal,0.0753
El retrato de Dorian Gray,Gotico clasico / vampiros,True,1,The 69 Eyes,Gothic Rock,0.1301
El retrato de Dorian Gray,Gotico clasico / vampiros,True,2,HIM,Gothic Rock,0.1018
El retrato de Dorian Gray,Gotico clasico / vampiros,True,3,The Cure,Gothic Rock,0.0985
El retrato de Dorian Gray,Gotico clasico / vampiros,True,4,Chelsea Wolfe,Gothic Metal,0.0932
El retrato de Dorian Gray,Gotico clasico / vampiros,True,5,Within Temptation,Symphonic Metal,0.0927
Frankenstein,Gotico clasico / vampiros,True,1,Mayhem,Black Metal,0.1235
Frankenstein,Gotico clasico / vampiros,True,2,Blind Guardian,Power Metal,0.122
Frankenstein,Gotico clasico / vampiros,True,3,Within Temptation,Symphonic Metal,0.1183
Frankenstein,Gotico clasico / vampiros,True,4,Lacuna Coil,Gothic Metal,0.1025
Frankenstein,Gotico clasico / vampiros,True,5,Iron Maiden,Heavy Metal,0.0942
El castillo de Otranto,Gotico clasico / vampiros,True,1,Evanescence,Gothic Metal,0.1785
El castillo de Otranto,Gotico clasico / vampiros,True,2,The 69 Eyes,Gothic Rock,0.1778
El castillo de Otranto,Gotico clasico / vampiros,True,3,The Cure,Gothic Rock,0.1725
El castillo de Otranto,Gotico clasico / vampiros,True,4,Type O Negative,Gothic Metal,0.1614
El castillo de Otranto,Gotico clasico / vampiros,True,5,HIM,Gothic Rock,0.1595
Vampire Academy,Gotico clasico / vampiros,True,1,Mayhem,Black Metal,0.1048
Vampire Academy,Gotico clasico / vampiros,True,2,Behemoth,Blackened Death Metal,0.0886
Vampire Academy,Gotico clasico / vampiros,True,3,Spiritbox,Metalcore,0.0769
Vampire Academy,Gotico clasico / vampiros,True,4,Sabaton,Power Metal,0.0749
Vampire Academy,Gotico clasico / vampiros,True,5,Suicide Silence,Deathcore,0.069
A Dowry of Blood,Gotico clasico / vampiros,True,1,Lorna Shore,Deathcore,0.1288
A Dowry of Blood,Gotico clasico / vampiros,True,2,Whitechapel,Deathcore,0.1083
A Dowry of Blood,Gotico clasico / vampiros,True,3,Suicide Silence,Deathcore,0.1026
A Dowry of Blood,Gotico clasico / vampiros,True,4,Amon Amarth,Melodic Death Metal,0.0933
A Dowry of Blood,Gotico clasico / vampiros,True,5,At the Gates,Death Metal,0.0855
Los juegos del hambre,Distopia juvenil,True,1,Sum 41,Pop Punk,0.1349
Los juegos del hambre,Distopia juvenil,True,2,Blink-182,Pop Punk,0.0963
Los juegos del hambre,Distopia juvenil,True,3,Opeth,Progressive Metal,0.0897
Los juegos del hambre,Distopia juvenil,True,4,Death,Death Metal,0.0865
Los juegos del hambre,Distopia juvenil,True,5,Gojira,Progressive Metal,0.0829
En llamas,Distopia juvenil,True,1,The Wonder Years,Pop Punk,0.1537
En llamas,Distopia juvenil,True,2,Fall Out Boy,Pop Punk,0.1455
En llamas,Distopia juvenil,True,3,Sleeping With Sirens,Post-Hardcore,0.1399
En llamas,Distopia juvenil,True,4,Mayday Parade,Pop Punk,0.1389
En llamas,Distopia juvenil,True,5,Paramore,Pop Punk,0.1331
Sinsajo,Distopia juvenil,True,1,Sum 41,Pop Punk,0.1541
Sinsajo,Distopia juvenil,True,2,Death,Death Metal,0.1031
Sinsajo,Distopia juvenil,True,3,All Time Low,Pop Punk,0.1027
Sinsajo,Distopia juvenil,True,4,DragonForce,Power Metal,0.0972
Sinsajo,Distopia juvenil,True,5,Blink-182,Pop Punk,0.096
Divergente,Distopia juvenil,True,1,Neck Deep,Pop Punk,0.0505
Divergente,Distopia juvenil,True,2,Blink-182,Pop Punk,0.0487
Divergente,Distopia juvenil,True,3,Pierce the Veil,Post-Hardcore,0.0451
Divergente,Distopia juvenil,True,4,Florence + The Machine,Alternative Rock,0.044
Divergente,Distopia juvenil,True,5,Simple Plan,Pop Punk,0.0437
Maze Runner,Distopia juvenil,True,1,Sleep,Doom Metal / Stoner,0.1263
Maze Runner,Distopia juvenil,True,2,Electric Wizard,Doom Metal / Stoner,0.1158
Maze Runner,Distopia juvenil,True,3,AC/DC,Hard Rock / Rock clasico,0.0904
Maze Runner,Distopia juvenil,True,4,Neck Deep,Pop Punk,0.0826
Maze Runner,Distopia juvenil,True,5,Candlemass,Doom Metal / Stoner,0.0744
Ready Player One,Distopia juvenil,True,1,All Time Low,Pop Punk,0.1735
Ready Player One,Distopia juvenil,True,2,Fall Out Boy,Pop Punk,0.1683
Ready Player One,Distopia juvenil,True,3,Paramore,Pop Punk,0.1312
Ready Player One,Distopia juvenil,True,4,Sum 41,Pop Punk,0.1301
Ready Player One,Distopia juvenil,True,5,Mayday Parade,Pop Punk,0.13
Scott Pilgrim,Distopia juvenil,True,1,The Pretty Reckless,Alternative Rock,0.1943
Scott Pilgrim,Distopia juvenil,True,2,Simple Plan,Pop Punk,0.1375
Scott Pilgrim,Distopia juvenil,True,3,The Smashing Pumpkins,Alternative Rock,0.1325
Scott Pilgrim,Distopia juvenil,True,4,The 1975,Alternative Rock,0.1309
Scott Pilgrim,Distopia juvenil,True,5,Sum 41,Pop Punk,0.1286
Las ventajas de ser invisible,Romance juvenil / coming-of-age,False,1,Fall Out Boy,Pop Punk,0.1318
Las ventajas de ser invisible,Romance juvenil / coming-of-age,False,2,Pierce the Veil,Post-Hardcore,0.1299
Las ventajas de ser invisible,Romance juvenil / coming-of-age,False,3,Simple Plan,Pop Punk,0.1265
Las ventajas de ser invisible,Romance juvenil / coming-of-age,False,4,Paramore,Pop Punk,0.1152
Las ventajas de ser invisible,Romance juvenil / coming-of-age,False,5,Green Day,Punk Rock,0.115
Heartstopper,Romance juvenil / coming-of-age,True,1,AC/DC,Hard Rock / Rock clasico,0.1722
Heartstopper,Romance juvenil / coming-of-age,True,2,Led Zeppelin,Hard Rock / Rock clasico,0.1411
Heartstopper,Romance juvenil / coming-of-age,True,3,Fall Out Boy,Pop Punk,0.1314
Heartstopper,Romance juvenil / coming-of-age,True,4,Neck Deep,Pop Punk,0.1217
Heartstopper,Romance juvenil / coming-of-age,True,5,Paramore,Pop Punk,0.1155
A todos los chicos de los que me enamoré,Romance juvenil / coming-of-age,False,1,Fall Out Boy,Pop Punk,0.1318
A todos los chicos de los que me enamoré,Romance juvenil / coming-of-age,False,2,Pierce the Veil,Post-Hardcore,0.1299
A todos los chicos de los que me enamoré,Romance juvenil / coming-of-age,False,3,Simple Plan,Pop Punk,0.1265
A todos los chicos de los que me enamoré,Romance juvenil / coming-of-age,False,4,Paramore,Pop Punk,0.1152
A todos los chicos de los que me enamoré,Romance juvenil / coming-of-age,False,5,Green Day,Punk Rock,0.115
Eleanor & Park,Romance juvenil / coming-of-age,True,1,AC/DC,Hard Rock / Rock clasico,0.1459
Eleanor & Park,Romance juvenil / coming-of-age,True,2,Fall Out Boy,Pop Punk,0.1348
Eleanor & Park,Romance juvenil / coming-of-age,True,3,Paramore,Pop Punk,0.1312
Eleanor & Park,Romance juvenil / coming-of-age,True,4,Mayday Parade,Pop Punk,0.1295
Eleanor & Park,Romance juvenil / coming-of-age,True,5,Led Zeppelin,Hard Rock / Rock clasico,0.1264
Nettle & Bone,Fantasia de cuento de hadas,True,1,Cannibal Corpse,Death Metal,0.083
Nettle & Bone,Fantasia de cuento de hadas,True,2,DragonForce,Power Metal,0.0737
Nettle & Bone,Fantasia de cuento de hadas,True,3,Deep Purple,Hard Rock / Rock clasico,0.071
Nettle & Bone,Fantasia de cuento de hadas,True,4,Black Sabbath,Heavy Metal,0.0688
Nettle & Bone,Fantasia de cuento de hadas,True,5,All Time Low,Pop Punk,0.0569
Uprooted,Fantasia de cuento de hadas,True,1,The Pretty Reckless,Alternative Rock,0.1028
Uprooted,Fantasia de cuento de hadas,True,2,AC/DC,Hard Rock / Rock clasico,0.1015
Uprooted,Fantasia de cuento de hadas,True,3,Led Zeppelin,Hard Rock / Rock clasico,0.0933
Uprooted,Fantasia de cuento de hadas,True,4,Deep Purple,Hard Rock / Rock clasico,0.0849
Uprooted,Fantasia de cuento de hadas,True,5,Royal Blood,Alternative Rock,0.0692
Spinning Silver,Fantasia de cuento de hadas,True,1,All Time Low,Pop Punk,0.0828
Spinning Silver,Fantasia de cuento de hadas,True,2,The 1975,Alternative Rock,0.0716
Spinning Silver,Fantasia de cuento de hadas,True,3,Led Zeppelin,Hard Rock / Rock clasico,0.0703
Spinning Silver,Fantasia de cuento de hadas,True,4,Neck Deep,Pop Punk,0.062
Spinning Silver,Fantasia de cuento de hadas,True,5,Deep Purple,Hard Rock / Rock clasico,0.0616
A Deadly Education,Fantasia de cuento de hadas,False,1,The Smashing Pumpkins,Alternative Rock,0.1245
A Deadly Education,Fantasia de cuento de hadas,False,2,Green Day,Punk Rock,0.11
A Deadly Education,Fantasia de cuento de hadas,False,3,Simple Plan,Pop Punk,0.1077
A Deadly Education,Fantasia de cuento de hadas,False,4,Sum 41,Pop Punk,0.1072
A Deadly Education,Fantasia de cuento de hadas,False,5,Paramore,Pop Punk,0.1032
The Bear and the Nightingale,Fantasia de cuento de hadas,True,1,Alcest,Post-Metal / Atmospheric,0.1063
The Bear and the Nightingale,Fantasia de cuento de hadas,True,2,Amon Amarth,Melodic Death Metal,0.0811
The Bear and the Nightingale,Fantasia de cuento de hadas,True,3,Blind Guardian,Power Metal,0.0796
The Bear and the Nightingale,Fantasia de cuento de hadas,True,4,Dimmu Borgir,Black Metal,0.0685
The Bear and the Nightingale,Fantasia de cuento de hadas,True,5,Agalloch,Post-Metal / Atmospheric,0.0673
The Once and Future Witches,Fantasia de cuento de hadas,True,1,Sabaton,Power Metal,0.0915
The Once and Future Witches,Fantasia de cuento de hadas,True,2,DragonForce,Power Metal,0.0842
The Once and Future Witches,Fantasia de cuento de hadas,True,3,Rhapsody of Fire,Power Metal,0.0789
The Once and Future Witches,Fantasia de cuento de hadas,True,4,Alcest,Post-Metal / Atmospheric,0.0588
The Once and Future Witches,Fantasia de cuento de hadas,True,5,Epica,Symphonic Metal,0.0583
The Invisible Life of Addie LaRue,Fantasia de cuento de hadas,True,1,The Pretty Reckless,Alternative Rock,0.1003
The Invisible Life of Addie LaRue,Fantasia de cuento de hadas,True,2,Sum 41,Pop Punk,0.0978
The Invisible Life of Addie LaRue,Fantasia de cuento de hadas,True,3,The Smashing Pumpkins,Alternative Rock,0.0777
The Invisible Life of Addie LaRue,Fantasia de cuento de hadas,True,4,The Wonder Years,Pop Punk,0.0604
The Invisible Life of Addie LaRue,Fantasia de cuento de hadas,True,5,The 1975,Alternative Rock,0.0586
La casa en el mar más azul,Cozy Fantasy / sobrenatural,True,1,Ghost,Occult Rock,0.1539
La casa en el mar más azul,Cozy Fantasy / sobrenatural,True,2,Black Sabbath,Heavy Metal,0.0734
La casa en el mar más azul,Cozy Fantasy / sobrenatural,True,3,Sabaton,Power Metal,0.0673
La casa en el mar más azul,Cozy Fantasy / sobrenatural,True,4,Type O Negative,Gothic Metal,0.0629
La casa en el mar más azul,Cozy Fantasy / sobrenatural,True,5,DragonForce,Power Metal,0.06
Under the Whispering Door,Cozy Fantasy / sobrenatural,True,1,The Smashing Pumpkins,Alternative Rock,0.1358
Under the Whispering Door,Cozy Fantasy / sobrenatural,True,2,Death,Death Metal,0.1334
Under the Whispering Door,Cozy Fantasy / sobrenatural,True,3,Lorna Shore,Deathcore,0.1328
Under the Whispering Door,Cozy Fantasy / sobrenatural,True,4,The 1975,Alternative Rock,0.1155
Under the Whispering Door,Cozy Fantasy / sobrenatural,True,5,Suicide Silence,Deathcore,0.1117
