titulo_buscado,categoria_semilla,titulo,autor,anio,fuente
El Senor de los Anillos,Alta fantasia / epica,The Fellowship of the Ring,"J.R.R. Tolkien, Editorial Editorial World, Robert Robert Thompson",1954.0,Open Library
Canción de Hielo y Fuego,Alta fantasia / epica,A Feast for Crows,George R. R. Martin,2005.0,Open Library
El Nombre del Viento,Alta fantasia / epica,The Name of the Wind,"Patrick Rothfuss, Marc Simonetti",2007.0,Open Library
El Hobbit,Alta fantasia / epica,The Hobbit,J.R.R. Tolkien,1937.0,Open Library
El Silmarillion,Alta fantasia / epica,The Silmarillion,"J.R.R. Tolkien, Christopher Tolkien",1977.0,Open Library
Eragon,Alta fantasia / epica,Eragon,Christopher Paolini,2000.0,Open Library
El temor de un hombre sabio,Alta fantasia / epica,The Wise Man’s Fear,Patrick Rothfuss,2011.0,Open Library
Rey de cicatrices,Alta fantasia / epica,Cicatrices,Werner Mackenbach,2004.0,Open Library
Mistborn: El imperio final,Alta fantasia / epica,The Final Empire,Brandon Sanderson,2001.0,Open Library
El pozo de la ascensión,Alta fantasia / epica,The Well of Ascension,Brandon Sanderson,2007.0,Open Library
El héroe de las eras,Alta fantasia / epica,The Hero of Ages,Brandon Sanderson,2008.0,Open Library
El camino de los reyes,Alta fantasia / epica,The Way of Kings,Brandon Sanderson,2010.0,Open Library
El archivo de las tormentas,Alta fantasia / epica,Wind and Truth,Brandon Sanderson,2024.0,Open Library
La rueda del tiempo,Alta fantasia / epica,The Gathering Storm,"Robert Jordan, Brandon Sanderson",2009.0,Open Library
El priorato del naranjo,Alta fantasia / epica,El priorato del naranjo,"Samantha Shannon, Jorge Rizzo",2019.0,Open Library
Trono de Cristal,Romantasy (fantasia romantica),Throne of Glass,Sarah J. Maas,2012.0,Open Library
Una Corte de Rosas y Espinas,Romantasy (fantasia romantica),A Court of Thorns and Roses,Sarah J. Maas,2013.0,Open Library
Cuarto Ala,Romantasy (fantasia romantica),El Inca Garcilaso de la Vega,Hernán Amat Olazabal,2012.0,Open Library
Una corte de niebla y furia,Romantasy (fantasia romantica),Una corte de niebla y furia,Sarah J. Maas,2014.0,Open Library
Una corte de alas y ruina,Romantasy (fantasia romantica),A Court of Wings and Ruin,Sarah J. Maas,2017.0,Open Library
Reina de sombras,Romantasy (fantasia romantica),Queen of Shadows,Sarah J. Maas,2015.0,Open Library
Fourth Wing,Romantasy (fantasia romantica),Fourth Wing,Rebecca Yarros,2023.0,Open Library
Iron Flame,Romantasy (fantasia romantica),Iron Flame,Rebecca Yarros,2023.0,Open Library
Onyx Storm,Romantasy (fantasia romantica),Alas de ónix,Rebecca Yarros,2025.0,Open Library
Powerless,Romantasy (fantasia romantica),Powerless,Lauren Roberts,2023.0,Open Library
Reckless,Romantasy (fantasia romantica),Reckless,Lauren Roberts,2024.0,Open Library
Divine Rivals,Romantasy (fantasia romantica),Divine Rivals,Rebecca Ross,2023.0,Open Library
Ruthless Vows,Romantasy (fantasia romantica),Ruthless Vows,Rebecca Ross,2023.0,Open Library
Érase una vez un corazón roto,Romantasy (fantasia romantica),Once Upon a Broken Heart,Stephanie Garber,2021.0,Open Library
La balada del príncipe roto,Romantasy (fantasia romantica),,,,
La vida invisible de Addie LaRue,Romantasy (fantasia romantica),The Invisible Life of Addie LaRue,V. E. Schwab,2015.0,Open Library
Stardust,Romantasy (fantasia romantica),Stardust,Neil Gaiman,1997.0,Open Library
Carry On,Romantasy (fantasia romantica),Carry On,Rainbow Rowell,2015.0,Open Library
Sombra y Hueso,Fantasia oscura / gotica,Shadow and Bone,Leigh Bardugo,2012.0,Open Library
Drácula,Fantasia oscura / gotica,Dracula,Bram Stoker,1897.0,Open Library
Vicious,Fantasia oscura / gotica,Vicious,V. E. Schwab,2013.0,Open Library
Berserk,Fantasia oscura / gotica,ベルセルク 1,三浦建太郎,1990.0,Open Library
The Witcher,Fantasia oscura / gotica,Ostatnie Życzenie,Andrzej Sapkowski,1993.0,Open Library
La novena casa,Fantasia oscura / gotica,Ninth House,Leigh Bardugo,2019.0,Open Library
Hell Bent,Fantasia oscura / gotica,Hell Bent,Leigh Bardugo,2023.0,Open Library
El océano al final del camino,Fantasia oscura / gotica,The Ocean at the End of the Lane,Neil Gaiman,2013.0,Open Library
Elric de Melniboné,Fantasia oscura / gotica,Elric of Melniboné,Michael Moorcock,1972.0,Open Library
The Poppy War,Fantasia oscura / gotica,The Poppy War,R. F. Kuang,2018.0,Open Library
La guerra de la amapola,Fantasia oscura / gotica,La guerra de la amapola,R. F. Kuang,2023.0,Open Library
Coraline,Fantasia oscura / gotica,Coraline,Neil Gaiman,2001.0,Open Library
A Darker Shade of Magic,Fantasia oscura / gotica,A Darker Shade of Magic,V. E. Schwab,2015.0,Open Library
The Locked Tomb,Fantasia oscura / gotica,Into the Mummy's Tomb,"John Richard Stephens, Arthur Edward Pearse Brome Weigall, Louisa May Alcott, Arthur Conan Doyle, Tennessee Williams, H.P. Lovecraft, Howard Carter, A. C. Mace, Agatha Christie, Mark Twain, H. Rider Haggard, Edgar Allan Poe, Ray Bradbury, Elizabeth Peters, Sax Rohmer, Anne Rice, Bram Stoker",2001.0,Open Library
Gideon the Ninth,Fantasia oscura / gotica,Gideon the Ninth,Tamsyn Muir,2019.0,Open Library
Mexican Gothic,Fantasia oscura / gotica,Mexican Gothic,Silvia Moreno-Garcia,2020.0,Open Library
The Hazel Wood,Fantasia oscura / gotica,The Hazel Wood,Melissa Albert,2017.0,Open Library
Jonathan Strange y el señor Norrell,Fantasia oscura / gotica,Jonathan Strange and Mr. Norrell,Susanna Clarke,2001.0,Open Library
Piranesi,Fantasia oscura / gotica,Piranesi,Susanna Clarke,2020.0,Open Library
Outlander,Romance historico / gotico,Outlander,Diana Gabaldon,1991.0,Open Library
Jane Eyre,Romance historico / gotico,Jane Eyre,Charlotte Brontë,1847.0,Open Library
Un día de diciembre,Romance historico / gotico,Un día de diciembre,Josie Silver,2020.0,Open Library
Cazadores de Sombras: Ciudad de Hueso,Fantasia urbana,Ciudad de hueso. Cazadores de sombras 1,"Cassandra Clare, Gemma Gallart",2013.0,Open Library
The Infernal Devices,Fantasia urbana,Clockwork Angel,Cassandra Clare,2010.0,Open Library
Cazadores de sombras,Fantasia urbana,Cazadores de sombras,"Cassandra Clare, Patricia Nunes Martínez",2013.0,Open Library
Ciudad de hueso,Fantasia urbana,Ciudad de Hueso : Cazadores de sombras,"Cassandra Clare, Gemma Gallart Álvarez",2019.0,Open Library
Seis de cuervos,Fantasia urbana,Six of Crows,Leigh Bardugo,2015.0,Open Library
Mitología Nórdica,Mitologia (nordica / celta / griega),Norse Mythology,"Neil Gaiman, Anna Llisterri",2016.0,Open Library
La canción de Aquiles,Mitologia (nordica / celta / griega),The Song of Achilles,Madeline Miller,2011.0,Open Library
Circe,Mitologia (nordica / celta / griega),Circe,Madeline Miller,2018.0,Open Library
Percy Jackson,Mitologia (nordica / celta / griega),The Lightning Thief,Rick Riordan,2005.0,Open Library
El ladrón del rayo,Mitologia (nordica / celta / griega),The Lightning Thief,Rick Riordan,2005.0,Open Library
Héroes del Olimpo,Mitologia (nordica / celta / griega),The Lost Hero,Rick Riordan,2010.0,Open Library
Gods of Jade and Shadow,Mitologia (nordica / celta / griega),Gods of Jade and Shadow,Silvia Moreno-Garcia,2019.0,Open Library
El príncipe cruel,Fae Fantasy,The Cruel Prince,Holly Black,2018.0,Open Library
El rey malvado,Fae Fantasy,El rey malvado,"Holly Black, Jaime Valero",2019.0,Open Library
La reina de nada,Fae Fantasy,La reina de nada,Holly Black,2020.0,Open Library
Las crónicas de Narnia,Fantasia clasica / juvenil,The Last Battle,C. S. Lewis,1956.0,Open Library
La brújula dorada,Fantasia clasica / juvenil,Northern Lights,Philip Pullman,1995.0,Open Library
El castillo ambulante,Fantasia clasica / juvenil,Howl's Moving Castle,Diana Wynne Jones,1986.0,Open Library
Alicia en el País de las Maravillas,Fantasia clasica / juvenil,Alicia en el país de las maravillas,Lewis Carroll,2016.0,Open Library
A través del espejo,Fantasia clasica / juvenil,Through the Looking-Glass,Lewis Carroll,1865.0,Open Library
Caraval,Fantasia clasica / juvenil,Caraval,Stephanie Garber,2000.0,Open Library
El circo de la noche,Fantasia clasica / juvenil,The Night Circus,Erin Morgenstern,2011.0,Open Library
El mar sin estrellas,Fantasia clasica / juvenil,Alice's Adventures in Wonderland,Lewis Carroll,1865.0,Open Library
La primera ley,Grimdark,Last Argument of Kings,Joe Abercrombie,2008.0,Open Library
Malaz: El libro de los caídos,Grimdark,"Deadhouse Gates (The Malazan Book of the Fallen, Book 2)",Steven Erikson,2000.0,Open Library
La compañía negra,Grimdark,The Black Company,Glen Cook,1984.0,Open Library
Babel,Dark Academia,Babel,R. F. Kuang,2022.0,Open Library
Ninth House,Dark Academia,Ninth House,Leigh Bardugo,2019.0,Open Library
Entrevista con el vampiro,Gotico clasico / vampiros,Interview With the Vampire,Anne Rice,1672.0,Open Library
El vampiro Lestat,Gotico clasico / vampiros,The Vampire Lestat,Anne Rice,1986.0,Open Library
Las brujas de Mayfair,Gotico clasico / vampiros,Taltos,Anne Rice,1994.0,Open Library
Carmilla,Gotico clasico / vampiros,Carmilla,Sheridan Le Fanu,1871.0,Open Library
El retrato de Dorian Gray,Gotico clasico / vampiros,The Picture of Dorian Gray,Oscar Wilde,1890.0,Open Library
Frankenstein,Gotico clasico / vampiros,"Frankenstein; or, The Modern Prometheus",Mary Shelley,1818.0,Open Library
El castillo de Otranto,Gotico clasico / vampiros,The Castle of Otranto,Horace Walpole,1764.0,Open Library
Vampire Academy,Gotico clasico / vampiros,Vampire Academy,"Richelle Mead, Richelle Mead",2007.0,Open Library
A Dowry of Blood,Gotico clasico / vampiros,A Dowry of Blood,S. T. Gibson,2021.0,Open Library
Los juegos del hambre,Distopia juvenil,The Hunger Games,Suzanne Collins,2008.0,Open Library
En llamas,Distopia juvenil,Pedro Páramo,Juan Rulfo,1955.0,Open Library
Sinsajo,Distopia juvenil,Mockingjay,Suzanne Collins,2010.0,Open Library
Divergente,Distopia juvenil,Divergent,Veronica Roth,2010.0,Open Library
Maze Runner,Distopia juvenil,The Maze Runner,James Dashner,2009.0,Open Library
Ready Player One,Distopia juvenil,Ready Player One,Ernest Cline,2008.0,Open Library
Scott Pilgrim,Distopia juvenil,Scott Pilgrim's Precious Little Life,Bryan Lee O'Malley,2004.0,Open Library
Las ventajas de ser invisible,Romance juvenil / coming-of-age,Las Ventajas de Ser Invisible,"Stephen Chbosky, Vanesa Perez-Sauquillo",2013.0,Open Library
Heartstopper,Romance juvenil / coming-of-age,"Heartstopper, Volume 1",Alice Oseman,2018.0,Open Library
A todos los chicos de los que me enamoré,Romance juvenil / coming-of-age,A Todos Los Chicos De Los Que Me Enamore,Jenny Han,2013.0,Open Library
Eleanor & Park,Romance juvenil / coming-of-age,Eleanor & Park,Rainbow Rowell,2012.0,Open Library
Nettle & Bone,Fantasia de cuento de hadas,Nettle & Bone,T. Kingfisher,2022.0,Open Library
Uprooted,Fantasia de cuento de hadas,Uprooted,Naomi Novik,2015.0,Open Library
Spinning Silver,Fantasia de cuento de hadas,Spinning Silver,Naomi Novik,2018.0,Open Library
A Deadly Education,Fantasia de cuento de hadas,A Deadly Education,Naomi Novik,2020.0,Open Library
The Bear and the Nightingale,Fantasia de cuento de hadas,The Bear and the Nightingale,Katherine Arden,2017.0,Open Library
The Once and Future Witches,Fantasia de cuento de hadas,The Once and Future Witches,Alix E. Harrow,2020.0,Open Library
The Invisible Life of Addie LaRue,Fantasia de cuento de hadas,The Invisible Life of Addie LaRue,V. E. Schwab,2015.0,Open Library
La casa en el mar más azul,Cozy Fantasy / sobrenatural,The house in the Cerulean Sea,T. J. Klune,2019.0,Open Library
Under the Whispering Door,Cozy Fantasy / sobrenatural,Under the Whispering Door,T. J. Klune,2021.0,Open Library
