banda_buscada,titulo_top,artista_genius,genius_id,pageviews
Led Zeppelin,Stairway to Heaven,Led Zeppelin,1061,2491260
AC/DC,T.N.T.,AC/DC,132510,958763
Deep Purple,Smoke on the Water,Deep Purple,108068,309948
Iron Maiden,The Number of the Beast,Iron Maiden,111259,349418
Judas Priest,You’ve Got Another Thing Comin’,Judas Priest,151447,166826
Black Sabbath,War Pigs,Black Sabbath,74304,1525981
Avenged Sevenfold,A Little Piece of Heaven,Avenged Sevenfold,75240,542116
Blind Guardian,The Bard’s Song - In the Forest,Blind Guardian,492522,63938
DragonForce,Through the Fire and Flames,DragonForce,398002,274983
Sabaton,The Last Stand,Sabaton,2841408,213617
Rhapsody of Fire,Dawn of Victory,Rhapsody of Fire,1165572,27851
Nightwish,Ghost Love Score,Nightwish,348693,98751
Epica,Crimson Bow and Arrow,Epica,3404764,22833
Within Temptation,The Reckoning,Within Temptation,3945687,41164
Kamelot,March of Mephisto,Kamelot,1549748,21914
Eluveitie,Epona,Eluveitie,3128871,26626
Korpiklaani,Vodka,Korpiklaani,507792,48865
Wintersun,Loneliness (Winter),Wintersun,3179707,16579
Type O Negative,I Don’t Wanna Be Me,Type O Negative,1575973,172784
Paradise Lost,Paradise Lost,Gemitaiz,3624957,83613
Lacuna Coil,Our Truth,Lacuna Coil,922483,17544
Evanescence,Bring Me to Life,Evanescence,67202,3542115
Chelsea Wolfe,16 Psyche,Chelsea Wolfe,3127899,47316
Dream Theater,Octavarium,Dream Theater,396606,97753
Opeth,Ghost of Perdition,Opeth,1015520,82427
Tool,Forty Six & 2,Tool,185197,852241
Gojira,Flying Whales,Gojira,743117,129003
Death,Do I Wanna Know?,Arctic Monkeys,154314,7989268
Cannibal Corpse,I Cum Blood,Cannibal Corpse,465772,180348
At the Gates,Slaughter of the Soul,At the Gates,690553,26211
Mayhem,Freezing Moon,Mayhem,690950,295469
Emperor,Emperor’s New Clothes,Panic! at the Disco,2334971,725583
Dimmu Borgir,Gateways,Dimmu Borgir,417054,50474
Killswitch Engage,My Curse,Killswitch Engage,366848,83379
Bring Me The Horizon,Drown,Bring Me The Horizon,548384,512330
Architects,Doomsday,Architects,3225078,263833
Spiritbox,Circle with Me,Spiritbox,6724453,130967
Jinjer,Pisces,Jinjer,2829366,264320
Suicide Silence,You Only Live Once,Suicide Silence,95582,87081
Whitechapel,Hickory Creek,Whitechapel,4059738,57893
Lorna Shore,Pain Remains I: Dancing Like Flames,Lorna Shore,8237315,177486
Slipknot,Snuff,Slipknot,73687,969531
Korn,Freak On a Leash,Korn,64234,712565
System of a Down,Chop Suey!,System of a Down,88430,2041748
Electric Wizard,Funeralopolis,Electric Wizard,86895,104492
Sleep,Hate Sleeping Alone,Drake,58634,1374918
Candlemass,Solitude,Candlemass,1486029,26314
Alcest,Sapphire,Alcest,4810763,88476
Agalloch,In the Shadow of Our Pale Companion,Agalloch,484463,36460
Amon Amarth,Twilight of the Thunder God,Amon Amarth,171117,60996
Behemoth,O Father O Satan O Sun!,Behemoth,433423,115421
Pierce the Veil,A Match into Water,Pierce the Veil,117965,678718
Sleeping With Sirens,King for a Day,Pierce the Veil,76926,624672
Sleep Token,Caramel,Sleep Token,11672769,1002614
Deftones,Sextape,Deftones,81221,692646
Bad Omens,THE DEATH OF PEACE OF MIND,Bad Omens,7374958,241578
Breaking Benjamin,The Diary of Jane,Breaking Benjamin,79054,431572
Disturbed,The Sound of Silence,Disturbed,2282530,604684
Linkin Park,In the End,Linkin Park,49719,3094295
My Chemical Romance,Welcome to the Black Parade,My Chemical Romance,133519,1582290
Fall Out Boy,"Sugar, We’re Goin Down",Fall Out Boy,79158,1241300
The Wonder Years,Cigarettes & Saints,The Wonder Years,2269015,135256
Sum 41,In Too Deep,Sum 41,96086,832982
All Time Low,All Time Low,Jon Bellion,749215,1108142
Paramore,Still into You,Paramore,135048,3529777
Blink-182,I Miss You,blink-182,61981,5287100
Neck Deep,Wish You Were Here,Neck Deep,3183587,475008
Simple Plan,Perfect,Simple Plan,328220,777804
Mayday Parade,Jamie All Over,Mayday Parade,188165,220784
The Maine,Black Butterflies and Déjà Vu,The Maine,3008619,104983
The 1975,Somebody Else,The 1975,2364153,1974937
Florence + The Machine,Florida!!!,Taylor Swift,10291434,2043548
The Smashing Pumpkins,Bullet with Butterfly Wings,The Smashing Pumpkins,57016,1398459
Muse,Supermassive Black Hole,Muse,79045,302584
The Pretty Reckless,Make Me Wanna Die,The Pretty Reckless,238268,94486
Royal Blood,Out of the Black,Royal Blood,508707,128245
The Cure,the cure,Olivia Rodrigo,13580520,2277703
HIM,Him & I,G-Eazy,3205434,3377388
The 69 Eyes,Wasting the Dawn,The 69 Eyes,451355,9462
Ghost,Ghost Town,Kanye West,3756523,3103170
Green Day,Boulevard of Broken Dreams,Green Day,63759,1523165
